Residue_number,RMSF
1,4.166923812660878
1,4.31065899170396
1,4.2576109830300926
1,4.20929432927004
2,4.168117142019499
2,4.115496480447578
2,4.237532190306326
2,4.326313009005334
3,4.276837236511538
3,4.397457273131719
3,4.411103306356404
3,4.322583387879664
4,4.501495983188196
4,4.5581160458586405
4,4.662865215674208
4,4.790095399350346
5,4.610833584940854
5,4.711516234755672
5,4.8206872432576535
5,4.784863924612655
6,4.95489071607471
6,5.070165490420633
6,5.080453096831749
6,5.133312464735003
7,5.004903675738439
7,5.04016222673236
7,4.920319271857649
7,4.867272877668278
8,4.870365936682432
8,4.809509877754803
8,4.632130506862211
8,4.5649805924965445
9,4.593024360269682
9,4.452810221071997
9,4.359543144031282
9,4.407885620508
10,4.251750710250891
10,4.15556453619433
10,4.05377143760455
10,4.024297222131308
11,4.020433525623404
11,3.9436398172808347
11,3.8368395323596856
11,3.8152172671222333
12,3.777013169644781
12,3.694037360703901
12,3.6644734976220983
12,3.6878288314703793
13,3.64663241794683
13,3.649329392709408
13,3.6105952166933415
13,3.6008623989384505
14,3.6177359125393838
14,3.580773060430281
14,3.5559420173214855
14,3.580995375518591
15,3.557623324490992
15,3.5704667491914814
15,3.6231998031858117
15,3.6957564717200477
16,3.5588977740485177
16,3.6380326416783406
16,3.680428688596321
16,3.72663541537436
17,3.772925214694573
17,3.850944094349213
17,3.9046739301844497
17,3.885134198664299
18,4.023585272502377
18,4.206887786121098
18,4.388769898733313
18,4.617268592794218
19,4.383307443821052
19,4.530142703910187
19,4.599816576571038
19,4.78221001894223
20,4.495157468799744
20,4.5895684424148175
20,4.742293185522358
20,4.937500015491626
21,4.67418489001727
21,4.850211724978187
21,5.105487263213604
21,5.229643004645653
22,5.247082206339062
22,5.43496501249004
22,5.65733442375277
22,5.74541755809376
23,5.7802481272747235
23,5.998661030673837
23,5.953706139991939
23,6.122452078579
24,5.685810087268321
24,5.636721275912909
24,5.495466026184489
24,5.4505460975811415
25,5.4442348524123885
25,5.265276221838479
25,5.161094332886781
25,5.331529590998969
26,4.865046022578531
26,4.747660213379165
26,4.814675389749476
26,4.776549532872452
27,4.9238858089653865
27,5.041285940305709
27,4.79966911172572
27,4.663472870979831
28,4.702908087723225
28,4.485498110964769
28,4.707749037511761
28,4.918847496199546
29,4.741178310948162
29,4.9633128800250566
29,4.821026145396592
29,4.631878572725601
30,4.923585894353465
30,4.8738018430397245
30,5.218500221873982
30,5.46280503436186
31,5.230504958497116
31,5.551702905823551
31,5.678874008696433
31,6.000849878094402
32,5.589591322323382
32,5.692655227284681
32,5.477817298844433
32,5.9737802742315536
33,4.815330370514894
33,4.59736314595919
33,4.42030714147493
33,4.269027301113592
34,4.512157362572313
34,4.364139448351369
34,4.235446358087191
34,4.0288801801169365
35,4.380845768050772
35,4.311681820540182
35,4.255096140643618
35,4.4479568497905415
36,4.041975159638211
36,3.9762194397207424
36,3.9736115651387847
36,3.8236900374159886
37,4.192210285021375
37,4.259984471929171
37,4.212611480886909
37,4.27880687426132
38,4.130718407416212
38,4.1416644545041095
38,4.338568273677888
38,4.306358013166992
39,4.54756817261617
39,4.744161645237
39,4.747395502290815
39,4.782959139066848
40,4.714682844426062
40,4.762809154137556
40,4.9966713800908025
40,4.95626972364045
41,5.3143233942709935
41,5.5749042037554615
41,5.733166952560669
41,5.6980398947304725
42,5.900144221159515
42,6.114819193813744
42,5.995769985054343
42,6.084995021314096
43,5.72090501443276
43,5.653749533440274
43,5.372449976626623
43,5.321573148688629
44,5.209849764162393
44,4.9183899977668455
44,4.765756012865916
44,4.815756487136132
45,4.6270356806613195
45,4.4800376552347885
45,4.209899630497088
45,4.158786211266992
46,4.013881469755909
46,3.755270748887743
46,3.810162061816379
46,3.954122288200259
47,3.7478408283156366
47,3.8065043481215652
47,3.538703114320329
47,3.385797251056105
48,3.505902792086235
48,3.299457307414587
48,3.45934996351557
48,3.6477132310291496
49,3.3951957987945285
49,3.5926287479878294
49,3.4753811694463135
49,3.2793846362204113
50,3.62105931308873
50,3.6141342820164555
50,3.8344173303879274
50,4.078765845596167
51,3.7483895105502163
51,3.954544063854038
51,3.9275741456777857
51,3.724638573861889
52,4.173596577993423
52,4.214833793484675
52,4.153008684557548
52,4.181228186556056
53,4.069431014415566
53,4.014206345302322
53,3.710891485435057
53,3.583517310292647
54,3.6307261848227723
54,3.3702796980390097
54,3.3437834784994416
54,3.510601700327789
55,3.1453682391399163
55,3.144728218611181
55,2.968430113817284
55,3.014754993880842
56,2.757494844406392
56,2.593278769558645
56,2.649659918868333
56,2.6915361888158538
57,2.6838722270570337
57,2.7966779919285303
57,2.6726323078377248
57,2.734530624323695
58,2.48828630551335
58,2.412179012436608
58,2.3026974488908767
58,2.247991348268411
59,2.278334553588897
59,2.2117782356147515
59,2.098283500796155
59,2.0936421827002833
60,2.0600952578365406
60,2.028714945056557
60,1.9485249447451227
60,1.9641852652639118
61,1.904719071958391
61,1.8946252929542748
61,2.051448924194542
61,2.1193574810868716
62,2.1738778768350953
62,2.3789561516032
62,2.458427658700029
62,2.566687387616149
63,2.440268181869853
63,2.5438800677367204
63,2.8428556113878187
63,2.9684322778448196
64,2.998884614214662
64,3.3177636293427537
64,3.454337436160663
64,3.670470905609682
65,3.3217464660167897
65,3.4599686354197408
65,3.4568706528341995
65,3.693501132421361
66,3.2253925023188734
66,3.2248665348296046
66,3.4231580813548304
66,3.5976509123916274
67,3.4258737496723075
67,3.626051067842829
67,3.9241234904375113
67,4.086572687697657
68,3.9941783241832125
68,4.300022461992432
68,4.4246536178582225
68,4.682993519795971
69,4.247422731089568
69,4.385381718261822
69,4.358824547283572
69,4.417057144821609
70,4.271015774643025
70,4.221718888291409
70,4.213961202880642
70,4.237577832661098
71,4.166591717632804
71,4.1901643736412115
71,4.048209501262917
71,4.042277509909553
72,3.9608220167695
72,3.8672811006612773
72,4.059193127857983
72,4.20611141807717
73,4.069919908451879
73,4.252446175654599
73,4.10638007219529
73,3.859094173207978
74,4.2554532434091294
74,4.1670109576860295
74,4.096524857417802
74,3.9135583242793124
75,4.2408266246216355
75,4.201229471047735
75,3.9224861347854945
75,3.773495880854408
76,3.8863922921886522
76,3.6491001553360425
76,3.360574547719921
76,3.16056399149653
77,3.370475061281213
77,3.141241118667032
77,3.093345266373047
77,2.8753580905666993
78,3.302209264455959
78,3.280917413187808
78,3.094083013374582
78,2.9378218806713683
79,3.1535662965024307
79,3.0292437498862843
79,2.7302019651641567
79,2.5644760536172866
80,2.6575273737968756
80,2.407402873709731
80,2.2483480521230077
80,2.048032412255242
81,2.3772127272944212
81,2.3201645349358766
81,2.2404042910594457
81,2.097731720636764
82,2.3497819444672032
82,2.2950250400620344
82,2.0696030833343158
82,1.9522376431845008
83,2.08036632165441
83,1.9324056554885414
83,1.747429881576885
83,1.66293852373873
84,1.7229741285476265
84,1.6177997141150766
84,1.6266276103272153
84,1.5789976920031623
85,1.7386331631038718
85,1.8147561622435273
85,1.732264720652434
85,1.7772959222936497
86,1.6837508117226276
86,1.6530385522025801
86,1.5814716510177438
86,1.6037998700603748
87,1.5325175325669154
87,1.5483891282593296
87,1.6233170254812475
87,1.668996246078346
88,1.705617408175677
88,1.838307917320062
88,1.96954847158701
88,2.0139362701039327
89,2.073905199446986
89,2.2821369574506685
89,2.267135866886076
89,2.397446273371342
90,2.1057591229135006
90,2.081186610981117
90,2.2889887789339016
90,2.376468930091925
91,2.4698569434606688
91,2.713266790729068
91,2.718743736035001
91,2.9163919217826337
92,2.4430434364137454
92,2.46850494002027
92,2.2249790434956784
92,2.0286589116930953
93,2.258477182905162
93,2.0772284839962687
93,2.045221473824609
93,1.9074262718194883
94,2.268753267853553
94,2.352579238246915
94,2.299883893567733
94,2.387441188483631
95,2.164373674812373
95,2.1733764913244302
95,2.018501092395702
95,2.089035540741878
96,1.861140905594416
96,1.765236429993604
96,1.7906471149130219
96,1.8164094263566368
97,1.8360691228888122
97,1.8686210603218922
97,1.8777133356242433
97,1.9296677718235558
98,1.8527691253175802
98,1.9296249382012522
98,2.0278526688349694
98,2.0164643836374294
99,2.169104265169573
99,2.297980606687201
99,2.460403747164647
99,2.5702028483861867
100,2.5185887253066115
100,2.7124040585229205
100,2.8554405715794813
100,2.993332076774711
101,2.89052543849756
101,3.0224704367833337
101,3.236038667097016
101,3.312348327499655
102,3.4017677866264
102,3.644562526403563
102,3.6699074152386535
102,3.8078700313356895
103,3.561319653643675
103,3.603147079663581
103,3.5227446703076755
103,3.5563536766242883
104,3.4316209803680766
104,3.355997330729833
104,3.1413953589886163
104,3.0414614359717382
105,3.127089873712948
105,2.9115464550381063
105,2.8348950006873146
105,2.988507168206804
106,2.648742273274832
106,2.6000151255239365
106,2.3708088193125327
106,2.264654460696252
107,2.346100100359921
107,2.156616303817928
107,2.1964758565040534
107,2.3447594499748026
108,2.1107700344661313
108,2.2063438644038342
108,2.0874162034651533
108,1.9699333760929876
109,2.1743466567132996
109,2.1187619677164604
109,2.320747997397134
109,2.498154369365776
110,2.3397210953761736
110,2.5608103978880257
110,2.609874310858841
110,2.460227979153819
111,2.832468163882125
111,2.9443027346505093
111,3.2211202825648146
111,3.6532823384390385
112,3.3261152117003916
112,3.658585346886473
112,3.4144416834552933
112,3.161241230298889
113,3.5579302046421093
113,3.8171825659992193
113,4.140918655984987
113,4.327463571678454
114,4.345829822548883
114,4.816159359970687
114,5.271179364649386
114,5.707299423604061
115,5.54927468731191
115,6.1354322456597785
115,5.952965470384852
115,5.404328786162504
116,6.526307461829494
116,6.64016471872836
116,6.388595897293325
116,6.186520054882049
117,6.377784432187485
117,6.227469823008935
117,5.591728424671721
117,5.418437760661016
118,5.2967146929762
118,4.766999742424023
118,4.397142908235831
118,4.114391976288614
119,4.615426425871616
119,4.545291764327039
119,4.782452762407274
119,4.731443084713176
120,5.143599838015577
120,5.398142633077384
120,5.103825065384324
120,5.243927385725783
121,4.8303160653212736
121,4.730696524333536
121,4.476173358631525
121,4.527216056009995
122,4.312443186042186
122,4.168225247405257
122,3.8804382529109542
122,3.5939444418394553
123,3.9071595086958504
123,3.7147548973523192
123,3.530922546492847
123,3.484092295594059
124,3.626646948191422
124,3.469062870233115
124,3.302684732188711
124,3.208571505826374
125,3.28389758746824
125,3.1684642386913504
125,2.838700657243721
125,2.7194234138930136
126,2.718068539123169
126,2.4206153929373753
126,2.3808438646657937
126,2.193869728523728
127,2.6215240075223725
127,2.6752193751396365
127,2.683919908388562
127,2.627311318918546
128,2.7831148478322367
128,2.794434282393066
128,2.5390250335737443
128,2.525276653488754
129,2.3867596127436608
129,2.148056186398998
129,2.0053755397329587
129,1.9224821482707597
130,2.051374875944583
130,1.9811323033649633
130,2.1353118436129166
130,2.1091594441713335
131,2.349385768227724
131,2.549102934604959
131,2.53549166248227
131,2.626306858298342
132,2.472239545762355
132,2.4516427844065283
132,2.288232141046716
132,2.3732947871292582
133,2.09431200801317
133,1.962964024512589
133,2.115331996663133
133,2.1860085769133337
134,2.23361997488781
134,2.431052150480751
134,2.6442389089450824
134,2.784485352642887
135,2.7293775058109544
135,2.932957419836785
135,2.8867720911572734
135,3.0328217837496902
136,2.6932318770264145
136,2.646338748923863
136,2.665132929870208
136,2.7703859979257786
137,2.612564397574484
137,2.675167929798491
137,3.0160613226599673
137,3.2257268757924575
138,3.080874600863116
138,3.507463081075714
138,3.589734455455182
138,3.659850887574689
139,4.127365677195282
139,4.780045974073225
139,5.152952040851745
139,5.514026036661468
140,5.0263948475387625
140,5.551179908569574
140,5.454029155710925
140,5.365448083856434
141,5.501973443359175
141,5.600137785900633
141,5.5649201540670665
141,5.332739386745423
142,6.052785217149016
142,6.095205840378187
142,5.882140897836759
142,6.075142016882781
143,5.520723067324568
143,5.58968389874055
143,5.378679554803682
143,5.463953885888289
144,5.533198000788798
144,5.520890907657769
144,5.163042302361332
144,5.132595200142234
145,5.196992641714149
145,5.209326675952535
145,5.144004351887219
145,5.4124154670511455
146,5.198866341243084
146,5.36549855157783
146,5.288368149466361
146,5.377896055895642
147,5.545583254572563
147,5.764566642454242
147,5.7186480328633
147,5.985318071720169
148,5.576410569507277
148,5.7714565662292046
148,6.238340425161638
148,6.516909422625564
149,6.549299575034537
149,7.182567459894826
149,7.335768565775684
149,7.859450136770027
150,6.837419986969919
150,7.110842107494511
150,6.534235141304482
150,5.885251521284898
151,6.432399216491309
151,6.179028726895076
151,5.908294134460581
151,6.2788363451002605
152,5.495573614528214
152,5.339122001958032
152,4.827992238858527
152,4.824325565299161
153,4.504143471084423
153,4.081303810774252
153,3.8421824669840743
153,4.057632137207113
154,3.6525420880406196
154,3.648227404377921
154,3.6397712743244357
154,3.51116692031284
155,3.758702336976484
155,3.7532174991729814
155,3.784332207588697
155,3.95959778986488
156,3.6086760402108253
156,3.632829727924975
156,3.734956239722013
156,3.6494448373296486
157,3.919493694744015
157,4.036049916296829
157,4.051687901528588
157,4.087231890875692
158,4.006896023140143
158,4.058669954226189
158,4.173941816315682
158,4.150159730729177
159,4.33074065330794
159,4.4596730618586
159,4.3336545702830795
159,4.415197085760432
160,4.116975425106343
160,3.989051745330192
160,3.79783391505737
160,3.6770597703507892
161,3.813468907384179
161,3.665240545623384
161,3.3692098418778564
161,3.200431563927001
162,3.3184514470020163
162,3.073502010268174
162,3.0215179999344506
162,3.219677911190226
163,2.791109862812012
163,2.7402520873742326
163,2.6568654614635263
163,2.475234053588036
164,2.8401896140985863
164,2.8212415054190987
164,2.854264257638125
164,3.0269793941635337
165,2.6946262842968505
165,2.7683306061723405
165,2.869692791616438
165,2.7506182515790316
166,3.1237226191953615
166,3.2609601137589506
166,3.460454852063193
166,3.54667169235623
167,3.535368491489742
167,3.7749990984601154
167,4.013196173077663
167,4.042465670907845
168,4.21239683763827
168,4.4617940951343344
168,4.691279732114946
168,4.655344673873259
169,4.953811454380304
169,5.239904442030728
169,5.393219606281935
169,5.361788098341008
170,5.496093847089137
170,5.653194164430483
170,5.868853188021611
170,6.029842385365915
171,5.950749898582092
171,6.220142352294895
171,6.078282868546823
171,5.909790023397263
172,6.079934226544182
172,6.065015274715772
172,5.973719923219104
172,6.0299876984672265
173,5.952095694098011
173,5.863489987597685
173,5.919316945318045
173,6.321779677321255
174,5.736078100962071
174,5.663225988742773
174,5.232017731488872
174,5.23718127097347
175,4.998122382561668
175,4.615967878740368
175,4.272509296478337
175,4.585068178755659
176,3.9261421325029877
176,3.5669642662850456
176,3.854927759887042
176,4.211688544912529
177,4.319499493928267
177,4.854795433316792
177,4.829894872220678
177,4.682662296901783
178,4.832431057412426
178,5.009431262596246
178,4.7487046248688936
178,4.641694632047075
179,4.652440209432104
179,4.473289108345581
179,4.543222012685574
179,4.776257407710457
180,4.684190348025813
180,4.607307813388334
180,4.441775502207622
180,4.372137385339609
181,4.476282484030198
181,4.336665796278106
181,4.04716821487862
181,3.850202125846147
182,4.0992987420661455
182,3.8725763800900688
182,3.6028145825071145
182,3.3874571445204174
183,3.5351644697558013
183,3.288650727471989
183,3.147115082650481
183,2.89558424750794
184,3.2146730406789845
184,3.113954811812817
184,3.0454123498235846
184,2.8493826387425134
185,3.2536718353997442
185,3.240125849718126
185,2.959488187489839
185,2.875508169176016
186,2.838658112012745
186,2.5351147135982375
186,2.2957411352494836
186,2.1117943469665237
187,2.177563155128068
187,1.985226974699552
187,2.0473663362188983
187,1.889436142744505
188,2.3694999388387354
188,2.462195201866462
188,2.5084115077102243
188,2.524156769892311
189,2.573838607403287
189,2.5987354357177397
189,2.418115204742863
189,2.427225296569678
190,2.3346481030092363
190,2.17468498042737
190,2.132274069632087
190,2.092012188463389
191,2.1360735710766017
191,2.1586575459861663
191,2.428729553688
191,2.5078720390346665
192,2.583955444594829
192,2.8171053495151264
192,2.9724994249431824
192,3.1809818280153155
193,2.912553574936114
193,3.051000303058977
193,3.0013503131712094
193,3.2052114691717417
194,2.7994565605331476
194,2.8509086638147485
194,3.1291549924979276
194,3.3572753778480164
195,3.22035476952812
195,3.5318972086674063
195,3.898359795354355
195,4.239618927346412
196,3.8157228249688973
196,4.15137953387072
196,4.2820923660993415
196,4.210091819830663
197,4.3641076505898475
197,4.497024110588942
197,4.859752012664502
197,4.708928416735853
198,5.213830669112621
198,5.719986979789229
198,5.883726023429402
198,5.931346389798518
199,5.852269825323819
199,6.2717976838325455
199,5.816741925779041
199,5.816895722870491
200,5.538261667607353
200,5.377884609968461
200,5.323906695549135
200,5.456440440742051
201,5.371369797036316
201,5.344562174833807
201,5.181816836805436
201,5.118197179692909
202,5.318378865102332
202,5.472980975582651
202,5.426831332847568
202,5.894966985745164
203,5.1242103533959495
203,5.493552510955774
203,4.855115885173607
203,3.9964233874305664
204,5.305423778914847
204,5.438641828253693
204,5.109040449007879
204,5.732433816607999
205,4.256494389024302
205,4.285897558109268
205,4.263536650165397
205,3.9466926787134615
206,5.012858878370814
206,5.4811094056154035
206,5.605876939034424
206,5.811436712122346
207,5.427446355306053
207,5.8759759709562385
207,6.741178472404079
207,6.906731953678873
208,7.547956401989656
208,8.50449119472084
208,8.868086161309158
208,8.76389720538265
209,9.224388062747856
209,9.707414568808888
209,10.909919429632836
209,11.445482278722022
210,11.430170703211592
210,12.632088903834843
210,13.186948461518018
210,12.778964400281707
211,13.986151055166
211,14.665695509502806
211,15.46391060294961
211,15.480012938038797
212,16.00995364212521
212,16.88870704304768
212,17.820453900596796
212,18.5058978745656
213,17.864715178858095
213,18.796948714654228
213,18.353676503795736
213,19.03626808567259
214,17.13810447835473
214,16.689657314472537
214,16.43928984014609
214,16.30717103441759
215,16.51829152743726
215,16.37331660096667
215,15.15152912887156
215,14.686793990927532
216,14.57882908422798
216,13.447957290476491
216,13.550188119354727
216,14.403402289444905
217,13.09625941477425
217,13.133375998547958
217,12.122713311444171
217,11.281011745290058
218,12.453925375826064
218,11.694069657346922
218,11.05048251396485
218,11.455053804418709
219,10.11703201223286
219,9.436514476849112
219,9.566847688521653
219,10.07787669861476
220,8.973866994258463
220,8.978687617227601
220,8.519244161172724
220,8.288727493863954
221,8.457294983269849
221,8.138637466783852
221,7.938832703498306
221,8.01805218163505
222,7.680165103073216
222,7.5224832244581465
222,7.37109271343463
222,7.3632627825720425
223,7.131218411444617
223,7.0753804879262345
223,7.020085759491527
223,7.139858802745747
224,6.980233887818963
224,7.014366045409795
224,7.249124046683812
224,7.212150210077414
225,7.610893354388926
225,8.09406537478551
225,7.752370720147513
225,8.089335857859728
226,7.065087156199442
226,6.80665199528315
226,5.971137865349696
226,6.02892451709899
227,5.3270030474528385
227,4.88506245668705
227,3.987949925744888
227,3.678532505447151
228,3.697465880927745
228,3.031013207678866
228,3.209556214564621
228,3.0744990759211652
229,4.166541640381133
229,4.591755453726146
229,5.146073076743774
229,5.4568672117394765
230,5.458205500530214
230,6.2396755161869395
230,6.287186892548981
230,6.440632017563587
231,6.090439828228928
231,6.59286784843889
231,6.872371685453329
231,6.919544633949863
232,7.184714009006183
232,7.569679295272395
232,7.541768906473617
232,7.3960458524604045
233,7.5949949183151295
233,7.671969312317682
233,7.835145910893719
233,7.970355480522971
234,7.791620976220805
234,7.946434167160679
234,7.92625702767861
234,7.888889725861203
235,7.960437966093838
235,7.970225690654375
235,8.127673648014214
235,8.21897339540826
236,8.239405616377852
236,8.390919453439837
236,8.482945481841792
236,8.528754050831097
237,8.550378639237119
237,8.672784974657452
237,8.51278053325281
237,8.25983817460234
238,8.886721150067224
238,8.875579131099508
238,8.586607514498155
238,8.574965505952667
239,8.40729312428107
239,8.523715604269226
239,8.330362397548404
239,7.830122373297065
240,8.745845617953815
240,9.069121534579827
240,9.34532649510902
240,9.704062722643732
241,9.164135550459848
241,9.428044344381354
241,9.29110145268314
241,9.148922663835863
242,9.361663195434703
242,9.43069957003915
242,10.127407309174876
242,10.146378341192484
243,10.679070265731808
243,11.628915181220005
243,12.429399796982747
243,12.675152656043126
244,12.823200748303009
244,13.759782490671752
244,13.997774501207997
244,14.257526461587684
245,13.67176325819664
245,13.943695725125417
245,14.438784264016347
245,14.681278936814532
246,14.48688957644536
246,14.938937366366403
246,16.15152531979332
246,16.673522983071177
247,16.723525960678447
247,17.977572925590056
247,18.55110715638507
247,18.784039211012196
248,18.564373730519133
248,19.358463461354564
248,19.925229750682018
248,19.951298610521395
249,20.382047649948884
249,21.24239793151231
249,21.222888569245
249,21.951391765737185
250,20.349439036727166
250,20.27021269357327
250,19.829854200128917
250,19.35020032683568
251,20.104405115919388
251,19.900126668153842
251,19.177993347488492
251,19.116979816976507
252,18.602662525851617
252,17.78650633582455
252,16.85358381198321
252,16.94054778105436
253,16.135445903581214
253,15.149301404265508
253,15.058414786452195
253,14.888111917220014
254,15.527903612006416
254,15.55581366600589
254,15.033459706025862
254,14.919820852312023
255,14.71332811761621
255,14.25252380911628
255,13.5748856159725
255,13.85227536537766
256,13.102475060587423
256,12.351535032109734
256,11.666566491855837
256,11.312622863727233
257,11.766242088688129
257,11.413872529002196
257,11.244959123077384
257,11.223820821983441
258,11.11488073097247
258,10.937677180109311
258,10.604234993366559
258,10.407641783799495
259,10.664457678210878
259,10.324561703077508
259,10.191101118015089
259,9.92206694458305
260,10.37983735768078
260,10.28867368077722
260,10.190754544751723
260,9.992572918443582
261,10.257092160947728
261,10.16061755619993
261,9.854854035341432
261,9.627647819764716
262,9.892904267453178
262,9.658793159226251
262,9.280738604321927
262,9.004071317918056
263,9.357059201937844
263,8.985473749003042
263,8.563797972733951
263,8.227905857411324
264,8.563370923833938
264,8.186095315375491
264,7.998746288536773
264,7.632759953383037
265,8.291727847521505
265,8.223994014936597
265,8.121128355225228
265,7.930760637973465
266,8.31473968352302
266,8.243350744559216
266,7.823227589518991
266,7.705443276839692
267,7.661628687922639
267,7.296772398821153
267,7.06195180532179
267,6.856916897153159
268,7.213010195813662
268,7.0078278000940655
268,7.101030506403299
268,6.957806329214988
269,7.444626838863211
269,7.636699043840333
269,7.625477976821334
269,7.647005414118444
270,7.6719276604580955
270,7.659571989932201
270,7.618014072191404
270,7.600647985975311
271,7.763834180738106
271,7.7628495773807575
271,7.6998660610253085
271,7.689843309038612
272,7.905210245630416
272,7.94046047563166
272,7.732550622627721
272,7.093349080026768
273,8.099605476330721
273,8.02075879174523
273,8.092767212484224
273,7.810958656506492
274,8.481137897613113
274,8.73350256937791
274,8.22018012263106
274,8.298526603934157
275,7.734762864930117
275,7.284107282331377
275,6.613179524814543
275,6.01569410505384
276,6.687364244335073
276,6.079179557957795
276,6.027715649488364
276,5.358299603957175
277,6.81327790165448
277,7.0160950180804305
277,6.809447463802799
277,6.608941801968017
278,6.907510776565881
278,6.842440480979871
278,5.879444041746286
278,5.934869188287268
279,5.232290178745004
279,4.3353254214322225
279,4.156506029920272
279,3.982134105673945
280,4.511392355575978
280,4.466820352149498
280,5.214542640299729
280,5.2203922734594945
281,5.999274835489654
281,6.840409226997486
281,6.789331239948632
281,7.2960584993580335
282,6.302882729337271
282,6.321266845034716
282,5.918044630413576
282,6.469243447327021
283,5.126184339196787
283,4.847725599604104
283,5.440468360594152
283,5.883050658700889
284,5.65249717501166
284,6.302146744063533
284,7.318947123026074
284,7.841759965849152
285,7.65429533109485
285,8.615653800860878
285,8.727176720414255
285,9.566991428341685
286,8.075631645163304
286,8.293997991210833
286,8.365090179860198
286,9.05172135588271
287,7.896067622821682
287,7.796533974441949
287,8.458799687180365
287,8.808660358509487
288,8.910861679688155
288,9.646128451188671
288,10.437935690623501
288,10.692516000619342
289,10.662236581789205
289,11.490446697113997
289,11.260768815932398
289,11.717445755863595
290,10.527778515884242
290,10.44068977785573
290,10.530089441610828
290,10.146941422438259
291,11.119958798544284
291,11.459746842672061
291,11.28691134280494
291,11.409631640712075
292,10.763425097206515
292,10.670141277535775
292,9.781783242849885
292,9.617888396092697
293,9.0782369546886
293,8.40327138428893
293,8.021634917219838
293,7.683895675986299
294,8.156509292959681
294,8.061118041276002
294,8.36695176156528
294,8.31152726962086
295,8.729109422572584
295,9.01933576214997
295,8.4461049037895
295,8.450170974043594
296,7.906355804599232
296,7.53269854793807
296,7.390907908613984
296,7.343699895086343
297,7.388853751505241
297,7.704705410701211
297,8.141582062432644
297,8.562681296496319
298,8.277878572449655
298,8.948147737371084
298,8.741217012586525
298,9.337527503678983
299,7.937605700052757
299,7.7045794357400625
299,7.909852925693411
299,8.257296521614121
300,7.897973599549891
300,8.458969054027264
300,9.524423041363463
300,10.205222030332338
301,9.79271281134447
301,10.88586942253236
301,11.335481430252274
301,12.26658164920689
302,10.656005711607481
302,11.184096910027778
302,10.818685077715784
302,11.287134775354934
303,10.173376100014526
303,9.93593152949099
303,9.101078706778019
303,9.224132373703528
304,8.454424101263333
304,7.764026432881589
304,6.4212194050009055
304,5.9080138120071926
305,5.935721057540474
305,4.755910279414353
305,4.074045279604514
305,4.61641977685591
306,3.394404543804967
306,2.882077602414993
306,2.4333640733000257
306,2.2699671371906693
307,2.800879957169078
307,3.0710268565971957
307,3.2578368625306893
307,3.3827702846733705
308,3.41294119620486
308,3.789952467604226
308,4.462662517861131
308,5.134017002765534
309,4.458747943314495
309,5.245228297143709
309,4.572797031178368
309,4.420018313458397
310,4.26794860012465
310,3.6727845870729743
310,3.6011607302395237
310,3.3416142371668585
311,3.825206796493456
311,3.7792349315133276
311,3.7877528956437274
311,3.858450752420632
312,3.7106750007223566
312,3.7262711825050565
312,3.701866685359086
312,3.664029500616594
313,3.708193712630609
313,3.7103564004710616
313,3.7496798732732444
313,3.78249639335093
314,3.7413693352755586
314,3.8067679763684454
314,3.8601799608508043
314,3.8215400375937114
315,3.964765200592183
315,4.039550411361128
315,4.064100989617798
315,4.075396740701704
316,4.0658813712381
316,4.105773068069321
316,4.216054945552402
316,4.249832277476334
317,4.292869315855706
317,4.414931269040557
317,4.442204988345222
317,4.428990591983525
318,4.497917839597251
318,4.533895510689324
318,4.629354430056656
318,4.640237520797158
319,4.689083933173496
319,4.7959077045918805
319,4.798033324810499
319,4.8333979289042555
320,4.743963509956206
320,4.776196771252551
320,4.675148051684321
320,4.723460374925686
321,4.559311816293828
321,4.4453346531281515
321,4.383168117746742
321,4.280332180715425
322,4.445949966450694
322,4.414515885967626
322,4.307686118020438
322,4.291203224180094
323,4.282872466788431
323,4.187154163174897
323,4.197556950514772
323,4.258517158777691
324,4.170077677365615
324,4.182877856268223
324,4.11022486029155
324,4.04480794133277
325,4.126489419511812
325,4.06219452479606
325,3.990080572123181
325,4.0149417329889285
326,3.951484220380119
326,3.8848523258127137
326,3.8924288911631826
326,3.917210189426861
327,3.890516622646347
327,3.909406226528245
327,3.8798767702864367
327,3.816093356747335
328,3.989787076769198
328,4.004823685978345
328,3.992977592770642
328,4.066007853440269
329,3.9280319657228766
329,3.94812860094571
329,4.058113166145943
329,4.012492053579874
330,4.200391606082941
330,4.41304903561762
330,4.361962442467034
330,4.299949422881934
331,4.4141101050603035
331,4.397031769556292
331,4.615084773576882
331,4.756070400679911
332,4.721228936236095
332,4.9399208742391
332,4.884218632107896
332,4.802555679256702
333,4.932185431937121
333,4.91872034244358
333,4.715416860014598
333,4.679438955127874
334,4.552597796310018
334,4.405761256178654
334,4.317383762898149
334,4.236292210852699
335,4.336100206047833
335,4.253522148802939
335,4.231126968410668
335,4.319501395102376
336,4.090130141843433
336,4.088366956718878
336,4.24258966640085
336,4.282673914233536
337,4.326064525593123
337,4.492451287981247
337,4.36876237966818
337,4.163243380522859
338,4.520624972277808
338,4.435013313789128
338,4.406335646178553
338,4.502414749775443
339,4.279109912333283
339,4.247103901633917
339,4.440298288585786
339,4.459484442483094
340,4.621926542497789
340,4.831620438959861
340,4.930529803355369
340,5.066789848312985
341,4.826349829608724
341,4.956006961226065
341,4.875584452323311
341,4.995227229620853
342,4.6351509726091615
342,4.561064242109471
342,4.579693722785116
342,4.538878360670277
343,4.694973633738506
343,4.744328246456876
343,4.835475349337713
343,4.818479678218325
344,4.908404607189648
344,4.997716930575951
344,4.87516522957033
344,4.898836772576203
345,4.739996945499987
345,4.632844994971127
345,4.551218798197615
345,4.531312177686715
346,4.517780704645457
346,4.4574307295341375
346,4.558107081803363
346,4.52069558421505
347,4.679436846915692
347,4.81165561579085
347,4.841061562750868
347,4.877253800516119
348,4.815004704056128
348,4.838314624381192
348,4.722599164087284
348,4.762723723785164
349,4.597232117061959
349,4.498806479579827
349,4.540012774044096
349,4.531513917430432
350,4.590338305132567
350,4.658718093673394
350,4.786224886303977
350,4.810386325839467
351,4.863817951579817
351,4.990115913715875
351,4.948784781459013
351,5.025213313642574
352,4.831887650863343
352,4.7891448057216195
352,4.753908949014128
352,4.79428522681495
353,4.666335807117039
353,4.64738003438643
353,4.785411658496769
353,4.804562301645717
354,4.896080022893808
354,5.0446579711136605
354,5.119438903200449
354,5.193271769497121
355,5.096930093215256
355,5.161915526047689
355,5.100022976472216
355,5.19144212569016
356,4.9632781440640565
356,4.904076503372159
356,4.975078545051122
356,5.017138651771821
357,4.980670728508319
357,5.067286638853284
357,5.219715666349055
357,5.283299265293649
358,5.28691744986184
358,5.44228905100448
358,5.454040017009009
358,5.56095829359029
359,5.357480149714915
359,5.368424626119951
359,5.363540902627752
359,5.447685418398344
360,5.256148959472878
360,5.262871193940288
360,5.405057378483847
360,5.461176444731278
361,5.4310600515969645
361,5.587426367402483
361,5.703965229895332
361,5.809388787024877
362,5.689601153705267
362,5.796195523232701
362,5.791131811896858
362,5.901343872817626
363,5.671603400855487
363,5.666703654473061
363,5.730188169927741
363,5.803218930257066
364,5.692886775409329
364,5.764244337287247
364,5.929277496449504
364,6.01068311982101
365,5.977987816599254
365,6.1527624786107
365,6.220376365211424
365,6.3625327807696275
366,6.1237477253493555
366,6.193259894691033
366,6.222672862309661
366,6.333529721512304
367,6.158631075876702
367,6.176379828275052
367,6.269802773312306
367,6.309539117633832
368,6.323092860641463
368,6.4451750890534925
368,6.598790241303382
368,6.722206803913913
369,6.611516171059516
369,6.757602845406932
369,6.758440167775916
369,6.570217489189986
370,6.9527554443024
370,6.96499317333874
370,6.853952911708102
370,6.866976512434943
