Residue_number,msa64,msa128,msa192,msa256
1,7.855750764,6.625188866,4.166923813,6.185960341
1,8.052909381,6.83615447,4.310658992,6.286858737
1,7.707000602,6.683665419,4.257610983,6.218149555
1,7.40004843,6.569343703,4.209294329,6.065253244
2,7.565333136,6.455982088,4.168117142,6.292107249
2,7.258249858,6.284669484,4.11549648,6.23674147
2,7.332029586,6.457300631,4.23753219,6.202557071
2,7.666239447,6.672943068,4.326313009,6.301234895
3,7.130771882,6.501546012,4.276837237,6.048688299
3,7.161249409,6.654455605,4.397457273,5.998346517
3,7.120106186,6.53361657,4.411103306,6.042875138
3,6.87819244,6.280741308,4.322583388,6.002194707
4,7.407944869,6.704992452,4.501495983,6.164595301
4,7.459400514,6.669529048,4.558116046,6.218108672
4,7.324284476,6.730039866,4.662865216,6.101034151
4,7.438388023,6.952362605,4.790095399,6.071601438
5,7.058305287,6.502946686,4.610833585,6.024093536
5,6.939545257,6.537666596,4.711516235,5.922789386
5,7.183458139,6.65155029,4.820687243,6.0188868
5,7.301783799,6.575955909,4.784863925,6.113091862
6,7.304258,6.88166,4.954890716,5.971264273
6,7.545444969,7.037205757,5.07016549,6.048352258
6,7.868391907,7.152587594,5.080453097,6.209399437
6,8.058883018,7.201743343,5.133312465,6.284341465
7,7.949040437,7.16032049,5.004903676,6.300181968
7,8.280523052,7.327382974,5.040162227,6.460865793
7,8.289952558,7.159052527,4.920319272,6.531512135
7,8.442859146,7.221865084,4.867272878,6.654274658
8,8.112955832,6.913287789,4.870365937,6.483862094
8,8.172489272,6.801020539,4.809509878,6.564405831
8,7.838264032,6.480431577,4.632130507,6.459892051
8,7.883956125,6.370464862,4.564980592,6.508490634
9,7.56345846,6.35058636,4.59302436,6.330321555
9,7.266191351,6.069234524,4.452810221,6.2367373
9,7.094666539,6.020387922,4.359543144,6.19892436
9,7.029468136,6.139953265,4.407885621,6.146803469
10,7.068636605,5.839843058,4.25175071,6.219717928
10,6.91140332,5.755771859,4.155564536,6.170762924
10,6.595780704,5.49101039,4.053771438,6.037112714
10,6.558156086,5.341469512,4.024297222,6.030166736
11,6.398725037,5.47397786,4.020433526,5.947233488
11,6.105834041,5.267707415,3.943639817,5.814152859
11,6.120039314,5.13283354,3.836839532,5.836170995
11,6.245063027,5.204906644,3.815217267,5.884901562
12,6.024324611,4.955531398,3.77701317,5.81341131
12,6.031284808,4.838035074,3.694037361,5.821784209
12,5.79246011,4.689080462,3.664473498,5.694168983
12,5.631808664,4.6420888,3.687828831,5.60671935
13,5.807334888,4.65359256,3.646632418,5.682278857
13,5.628813768,4.552316686,3.649329393,5.558171249
13,5.728508259,4.47640466,3.610595217,5.625049396
13,5.931854475,4.524817865,3.600862399,5.765226076
14,5.605585601,4.378710887,3.617735913,5.537898907
14,5.692432259,4.326893071,3.58077306,5.573063984
14,5.541278321,4.287906526,3.555942017,5.436292845
14,5.366562872,4.256874187,3.580995376,5.286655948
15,5.641086905,4.351361202,3.557623324,5.502815575
15,5.543767888,4.358750584,3.570466749,5.395387419
15,5.660417207,4.371568452,3.623199803,5.445739943
15,5.884687868,4.477267495,3.695756472,5.577750906
16,5.519804537,4.29979059,3.558897774,5.331839806
16,5.649335989,4.382158185,3.638032642,5.379162432
16,5.655210483,4.499953047,3.680428689,5.359592202
16,5.538767031,4.583787429,3.726635415,5.273459504
17,5.787245523,4.54343037,3.772925215,5.519137565
17,5.821745407,4.688880994,3.850944094,5.508435042
17,5.837547627,4.904209879,3.90467393,5.477869306
17,5.982306455,5.068644283,3.885134199,5.48184919
18,5.69887123,5.038984262,4.023585273,5.43910982
18,5.726195628,5.339458022,4.206887786,5.432678848
18,5.777328797,5.551854964,4.388769899,5.416211916
18,5.704846029,5.785617054,4.617268593,5.380562852
19,5.866051355,5.505481278,4.383307444,5.452306217
19,5.907704655,5.71180217,4.530142704,5.449022071
19,5.951550647,5.914164258,4.599816577,5.502598829
19,5.913171359,6.13951579,4.782210019,5.463171951
20,6.032722034,5.879239276,4.495157469,5.579287612
20,6.088119071,6.123382251,4.589568442,5.643929532
20,5.935395758,6.272988728,4.742293186,5.598064582
20,5.978391208,6.577975173,4.937500015,5.646706446
21,5.826260541,6.166703878,4.67418489,5.524417053
21,5.65740969,6.347135898,4.850211725,5.505801911
21,5.526244879,6.54808551,5.105487263,5.431736131
21,5.405520918,6.674549642,5.229643005,5.404027099
22,5.580045185,6.57580581,5.247082206,5.409771265
22,5.539354839,6.780827746,5.434965012,5.359037851
22,5.617000346,7.105114707,5.657334424,5.482232571
22,5.545043525,7.269227967,5.745417558,5.410302736
23,5.782967889,7.203082766,5.780248127,5.653693429
23,5.88732876,7.507111197,5.998661031,5.787745992
23,5.829423808,7.511497702,5.95370614,5.732186523
23,5.864382328,7.719579351,6.122452079,5.755756336
24,5.688658662,7.296463454,5.685810087,5.629329651
24,5.645078456,7.322958306,5.636721276,5.619877912
24,5.427705398,7.163782327,5.495466026,5.364224106
24,5.355282426,7.170320278,5.450546098,5.319326914
25,5.315615953,7.003349451,5.444234852,5.244959865
25,5.133590201,6.878256241,5.265276222,4.981947434
25,4.889796208,6.502988758,5.161094333,4.780325896
25,4.924209325,6.51852364,5.331529591,4.881920874
26,4.689750908,6.078578482,4.865046023,4.52659444
26,4.409988944,5.69463842,4.747660213,4.319810426
26,4.331604467,5.725759891,4.81467539,4.288089311
26,4.347198121,5.878464222,4.776549533,4.267620939
27,4.352482989,5.692814926,4.923885809,4.35067278
27,4.295218469,5.758504438,5.04128594,4.346121821
27,4.007499254,5.372374285,4.799669112,4.07321414
27,3.912421661,5.101763792,4.663472871,3.973493454
28,3.868841099,5.355669429,4.702908088,3.969415613
28,3.607800405,5.02968742,4.485498111,3.69839772
28,3.656933057,5.265052442,4.707749038,3.808888674
28,3.859295892,5.643725796,4.918847496,4.011062821
29,3.559483053,5.111962825,4.741178311,3.749698598
29,3.630490767,5.369620975,4.96331288,3.873212254
29,3.44427476,5.146072586,4.821026145,3.674905408
29,3.273878658,4.814108346,4.631878573,3.5019547
30,3.532645868,5.35789311,4.923585894,3.728216549
30,3.442395652,5.27597011,4.873801843,3.607980936
30,3.670302068,5.590863807,5.218500222,3.874156241
30,3.969327518,5.996561442,5.462805034,4.124980813
31,3.555504341,5.445853645,5.230504958,3.883282564
31,3.74180774,5.737416481,5.551702906,4.123003718
31,3.790616388,5.949113982,5.678874009,4.184648724
31,4.102871975,6.383017545,6.000849878,4.594284711
32,3.709694173,5.844474131,5.589591322,3.984418805
32,3.818981868,6.078454494,5.692655227,4.00919368
32,3.567962497,5.79063424,5.477817299,3.762887038
32,3.121021287,5.341389847,5.973780274,3.979939186
33,4.043260916,6.15848163,4.815330371,3.537285997
33,3.872172581,5.954232504,4.597363146,3.30711819
33,3.486526022,5.500543976,4.420307141,3.092809489
33,3.205766481,5.205546135,4.269027301,2.874454808
34,3.390432282,5.382045637,4.512157363,3.134570236
34,3.079285893,5.038413239,4.364139448,2.958864207
34,2.823859199,4.644974903,4.235446358,2.877939916
34,2.486425049,4.274532284,4.02888018,2.662076488
35,3.05850155,4.779626849,4.380845768,3.062478951
35,2.947279324,4.518435736,4.311681821,3.049572515
35,2.980797431,4.448723184,4.255096141,3.043347041
35,3.252260608,4.779311114,4.44795685,3.229356384
36,2.746024263,4.07464261,4.04197516,2.85670014
36,2.800189784,4.060021895,3.97621944,2.875178399
36,2.820458942,3.892731984,3.973611565,2.920032972
36,2.699323989,3.6229442,3.823690037,2.771604192
37,2.996733975,4.102891122,4.192210285,3.135580263
37,3.10810951,4.064239125,4.259984472,3.256311194
37,3.240216462,4.152741558,4.212611481,3.307882274
37,3.36021802,4.413218182,4.278806874,3.394526636
38,3.268991381,4.003243901,4.130718407,3.275317192
38,3.465910056,4.18584439,4.141664455,3.393335779
38,3.663163647,4.357336453,4.338568274,3.614179225
38,3.602163618,4.201293639,4.306358013,3.550582984
39,3.85976442,4.693426762,4.547568173,3.84920239
39,4.102991638,4.916233447,4.744161645,4.098880444
39,4.310169377,5.137389648,4.747395502,4.221601821
39,4.434001938,5.348685246,4.782959139,4.284335833
40,4.334810419,5.121285402,4.714682844,4.269385911
40,4.575285158,5.412888633,4.762809154,4.43024096
40,4.783206292,5.672581088,4.99667138,4.661490298
40,4.703688813,5.560267601,4.956269724,4.625798727
41,5.049933854,6.02333935,5.314323394,4.93814316
41,5.276065698,6.279293289,5.574904204,5.198267487
41,5.270348107,6.236256818,5.733166953,5.261768243
41,5.127820941,6.084685142,5.698039895,5.160661751
42,5.39586982,6.2496334,5.900144221,5.425752707
42,5.463160123,6.293419839,6.114819194,5.552825782
42,5.287258386,6.088428323,5.995769985,5.386164194
42,5.235561058,6.047089861,6.084995021,5.411495272
43,5.139240066,5.897507563,5.720905014,5.180333993
43,5.005819874,5.780511788,5.653749533,5.05947233
43,4.678993437,5.407179477,5.372449977,4.751902573
43,4.514059339,5.234391007,5.321573149,4.646487273
44,4.597324636,5.301676652,5.209849764,4.638719894
44,4.300148467,4.951829608,4.918389998,4.339212305
44,4.163319247,4.731140559,4.765756013,4.14019445
44,4.321421163,4.892425931,4.815756487,4.217784055
45,3.877599657,4.427047832,4.627035681,3.884161215
45,3.729475269,4.223390231,4.480037655,3.685243314
45,3.407052219,3.872014576,4.20989963,3.397442957
45,3.326689229,3.811232429,4.158786211,3.328445974
46,3.285582586,3.700694788,4.01388147,3.263587772
46,2.983906261,3.379380506,3.755270749,2.981830156
46,2.830472214,3.323115171,3.810162062,2.925511469
46,2.952936641,3.503808004,3.954122288,3.043423525
47,2.613437786,3.1955015,3.747840828,2.798036495
47,2.479169154,3.228909736,3.806504348,2.756377773
47,2.213726201,2.975311846,3.538703114,2.459123034
47,2.054446146,2.810112177,3.385797251,2.309203119
48,2.219052709,3.002749261,3.505902792,2.397263555
48,2.022019267,2.854275435,3.299457307,2.155105656
48,1.989830287,3.127485825,3.459349964,2.248952347
48,2.164127707,3.421692643,3.647713231,2.428404454
49,1.826503562,3.110798262,3.395195799,2.167306926
49,1.90088997,3.485193904,3.592628748,2.343960612
49,1.79687149,3.509054202,3.475381169,2.209016387
49,1.660728836,3.312288397,3.279384636,2.05627015
50,1.936226792,3.813903825,3.621059313,2.319652192
50,1.97416986,3.977699732,3.614134282,2.313746278
50,2.133724532,4.366417914,3.83441733,2.60201214
50,2.34183721,4.67857975,4.078765846,2.839307146
51,2.069777779,4.38453066,3.748389511,2.6193391
51,2.238818791,4.777450181,3.954544064,2.902303155
51,2.31877939,4.941781257,3.927574146,2.952692348
51,2.236964348,4.692250685,3.724638574,2.749540917
52,2.549369652,5.392039048,4.173596578,3.261383293
52,2.688376376,5.642219677,4.214833793,3.39691883
52,2.648828601,5.692318147,4.153008685,3.439598779
52,2.809766934,5.919648976,4.181228187,3.53314569
53,2.454776232,5.498631154,4.069431014,3.337597119
53,2.411514454,5.563909105,4.014206345,3.379281349
53,2.151685082,5.144170977,3.710891485,3.082504056
53,1.978707457,4.768838185,3.58351731,2.86588939
54,2.201289094,5.266085988,3.630726185,3.088223816
54,2.057886292,4.965024221,3.370279698,2.844397825
54,1.925342616,4.961791143,3.343783478,2.827393595
54,2.014766648,5.288969378,3.5106017,3.041655971
55,1.773928927,4.631181685,3.145368239,2.604252524
55,1.727362407,4.642923867,3.144728219,2.601612502
55,1.814331358,4.655775214,2.968430114,2.505559068
55,1.829567415,4.807346618,3.014754994,2.585930184
56,1.932604589,4.520957034,2.757494844,2.398278239
56,2.144887362,4.614855936,2.59327877,2.363585031
56,2.364752991,4.924024211,2.649659919,2.534586338
56,2.413888292,4.882884234,2.691536189,2.560362005
57,2.526987427,5.266884521,2.683872227,2.667608024
57,2.747661362,5.628209324,2.796677992,2.891177436
57,3.024984755,5.680591788,2.672632308,2.896019156
57,3.231097632,5.880431777,2.734530624,3.070812362
58,3.077106778,5.459579384,2.488286306,2.747137528
58,3.384074146,5.55597199,2.412179012,2.829548967
58,3.393169348,5.243234494,2.302697449,2.732292505
58,3.160227699,4.89539093,2.247991348,2.556329492
59,3.654262866,5.360997195,2.278334554,2.890343212
59,3.684739493,5.136751202,2.211778236,2.86606331
59,3.870352065,5.085110681,2.098283501,2.864194723
59,4.015358623,5.0501602,2.093642183,2.926349246
60,3.889991469,5.134386022,2.060095258,2.820508565
60,4.112229032,5.17752512,2.028714945,2.883576566
60,3.937586356,4.929639909,1.948524945,2.697472501
60,3.688397802,4.788137646,1.964185265,2.542603968
61,4.101863478,4.910238951,1.904719072,2.732919524
61,4.041106063,4.780331037,1.894625293,2.649639167
61,4.391960637,5.133457765,2.051448924,2.935186185
61,4.667554239,5.297409975,2.119357481,3.06841506
62,4.414384163,5.308562721,2.173877877,3.06147106
62,4.756049574,5.675241381,2.378956152,3.363000755
62,4.774319669,5.611207542,2.458427659,3.340030385
62,4.717575298,5.674279949,2.566687388,3.282506494
63,4.87304606,5.519709806,2.440268182,3.4431912
63,4.911096751,5.477874979,2.543880068,3.488932712
63,5.244558364,5.893126843,2.842855611,3.778256852
63,5.27772812,5.962946639,2.968432278,3.832525157
64,5.502909784,6.232360133,2.998884614,3.994994612
64,5.82613974,6.661319193,3.317763629,4.279727285
64,5.801539801,6.800299251,3.454337436,4.22689566
64,5.953662432,7.024150719,3.670470906,4.35798225
65,5.60430802,6.683656323,3.321746466,4.033860709
65,5.557820611,6.82364753,3.459968635,3.974869836
65,5.378136303,6.63500491,3.456870653,3.82617198
65,5.488935209,6.851430407,3.693501132,3.897265692
66,5.167463586,6.291714118,3.225392502,3.657561357
66,4.999065283,6.106714937,3.224866535,3.5465596
66,5.232593604,6.3056837,3.423158081,3.773301758
66,5.257949533,6.397750697,3.597650912,3.813347414
67,5.43024413,6.395847927,3.42587375,3.953592772
67,5.677084694,6.649263353,3.626051068,4.202968015
67,5.943411966,7.08054189,3.92412349,4.402464967
67,6.097632652,7.300111602,4.086572688,4.551028356
68,6.012291992,7.239571199,3.994178324,4.424887132
68,6.255683033,7.656818493,4.300022462,4.615546685
68,6.147334266,7.68281253,4.424653618,4.516226422
68,6.358108124,8.005418728,4.68299352,4.690957662
69,5.820949851,7.336800384,4.247422731,4.223081036
69,5.705852258,7.369773236,4.385381718,4.114099042
69,5.675814595,7.28668004,4.358824547,4.136879088
69,5.72348043,7.447746651,4.417057145,4.141436096
70,5.655875549,7.092875654,4.271015775,4.219788698
70,5.698371601,7.072744999,4.221718888,4.282078356
70,5.414119696,6.855687585,4.213961203,4.097939321
70,5.590489957,7.097796053,4.237577833,4.213527356
71,5.012015068,6.424890893,4.166591718,3.841256532
71,4.772105186,6.318958166,4.190164374,3.675031715
71,4.569583734,5.938151032,4.048209501,3.596363797
71,4.476311829,5.969450693,4.04227751,3.512602706
72,4.570772615,5.617144146,3.960822017,3.705435735
72,4.382412315,5.25051242,3.867281101,3.639233804
72,4.618776064,5.464516293,4.059193128,3.891607317
72,4.919813171,5.857342681,4.206111418,4.108299418
73,4.51391645,5.245124887,4.069919908,3.884799598
73,4.715415338,5.449034686,4.252446176,4.129690137
73,4.763417087,5.439791805,4.106380072,4.115280105
73,4.5291775,5.08363498,3.859094173,3.877970562
74,5.080924799,5.832190168,4.255453243,4.371959762
74,5.200218782,5.925842384,4.167010958,4.42429038
74,5.117343513,5.784406794,4.096524857,4.36251493
74,5.073025217,5.66515725,3.913558324,4.267776753
75,5.113519601,5.807001316,4.240826625,4.42893833
75,5.050012548,5.72319774,4.201229471,4.402329385
75,4.6948704,5.228784643,3.922486135,4.07034554
75,4.621909829,5.117261857,3.773495881,3.978643872
76,4.484687261,4.957240588,3.886392292,3.875788627
76,4.144143367,4.497161292,3.649100155,3.567509493
76,4.053574712,4.324096457,3.360574548,3.386601402
76,3.858750708,4.045739588,3.160563991,3.180633925
77,4.229757595,4.541515712,3.370475061,3.519953096
77,4.220285118,4.470162318,3.141241119,3.421896308
77,4.350811825,4.584999344,3.093345266,3.478039469
77,4.262894973,4.39334654,2.875358091,3.326378833
78,4.60053176,4.922927806,3.302209264,3.703889011
78,4.729231951,5.09705565,3.280917413,3.79180671
78,4.465231776,4.750263511,3.094083013,3.547389544
78,4.47900895,4.7282101,2.937821881,3.491247247
79,4.242407288,4.493519491,3.153566297,3.395743579
79,3.979907561,4.200657054,3.02924375,3.176627116
79,3.72940614,3.78617605,2.730201965,2.876116632
79,3.628952692,3.661015543,2.564476054,2.732071285
80,3.654164586,3.628920618,2.657527374,2.783326674
80,3.462678562,3.291814066,2.407402874,2.52120753
80,3.660154807,3.456573898,2.248348052,2.582965537
80,3.552886374,3.245888714,2.048032412,2.401388499
81,3.99115003,3.855917503,2.377212727,2.860039353
81,4.23621934,4.098029154,2.320164535,3.004206408
81,4.238624791,4.108043619,2.240404291,2.993688266
81,4.293969976,4.074207987,2.097731721,2.960940556
82,4.22146615,4.198658886,2.349781944,3.05781469
82,4.20519826,4.270526144,2.29502504,3.053435128
82,3.900046491,3.853328035,2.069603083,2.729060456
82,3.918298535,3.88005197,1.952237643,2.701348436
83,3.613254778,3.539108963,2.080366322,2.513605548
83,3.326403513,3.164893292,1.932405655,2.194664336
83,3.401483564,3.068013652,1.747429882,2.125701932
83,3.352099788,3.022505651,1.662938524,2.016073096
84,3.549928836,3.128231424,1.722974129,2.233159248
84,3.681244443,3.13390407,1.617799714,2.249295889
84,3.942192203,3.4401913,1.62662761,2.470013639
84,3.992820006,3.404664926,1.578997692,2.447623781
85,4.124253784,3.740825221,1.738633163,2.695609182
85,4.400519046,4.095086769,1.814756162,2.949426358
85,4.290299877,4.039089553,1.732264721,2.848370767
85,4.479196223,4.260372219,1.777295922,2.993627078
86,4.024584062,3.785794246,1.683750812,2.615289965
86,3.900376593,3.797062899,1.653038552,2.514940405
86,3.763463963,3.535541422,1.581471651,2.292640204
86,3.682691246,3.583094301,1.60379987,2.214443661
87,3.73854166,3.313650273,1.532517533,2.183227863
87,3.672231826,3.151342082,1.548389128,2.042408044
87,3.93500521,3.410294882,1.623317025,2.292553704
87,4.173449965,3.611908119,1.668996246,2.530309832
88,3.917188404,3.477425205,1.705617408,2.274827862
88,4.174494187,3.732342621,1.838307917,2.533802325
88,4.293875764,3.726445461,1.969548472,2.650413605
88,4.140310776,3.534817965,2.01393627,2.519922577
89,4.623660276,4.041682979,2.073905199,2.949248603
89,4.792741677,4.167865857,2.282136957,3.126911427
89,4.705249309,4.03949998,2.267135867,3.034666654
89,4.70084034,4.053698207,2.397446273,3.046875005
90,4.644224424,3.983787358,2.105759123,2.972337617
90,4.574829708,3.917074513,2.081186611,2.925692865
90,4.849091193,4.257620502,2.288988779,3.214952114
90,5.057799041,4.481483732,2.37646893,3.409793195
91,5.008181363,4.412067447,2.469856943,3.37128697
91,5.279501186,4.765000571,2.713266791,3.666254017
91,5.242637721,4.788511851,2.718743736,3.644439517
91,5.462048767,5.07991801,2.916391922,3.868317496
92,4.948121094,4.531162603,2.443043436,3.370050241
92,4.941747283,4.598432033,2.46850494,3.371519216
92,4.698287161,4.441206962,2.224979043,3.173310148
92,4.318863082,4.075799222,2.028658912,2.939103823
93,4.867244299,4.715557173,2.258477183,3.283579687
93,4.731546199,4.657271936,2.077228484,3.124030742
93,4.551472195,4.598660593,2.045221474,2.995377053
93,4.346999609,4.451086891,1.907426272,2.801590382
94,4.601693494,4.776869355,2.268753268,3.140974153
94,4.488985524,4.851978306,2.352579238,3.095475229
94,4.104499421,4.477107373,2.299883894,2.86486662
94,3.93607585,4.53355413,2.387441188,2.80416869
95,3.963935434,4.161764211,2.164373675,2.767767097
95,3.646909704,3.834272742,2.173376491,2.586467675
95,3.369076031,3.537913076,2.018501092,2.304928305
95,3.094759925,3.328145367,2.089035541,2.143563649
96,3.474934355,3.644452727,1.861140906,2.270740736
96,3.260662065,3.436884422,1.76523643,2.05435408
96,3.282843058,3.698191433,1.790647115,2.106787307
96,3.562447801,4.016776151,1.816409426,2.294855438
97,2.983985079,3.591916638,1.836069123,1.945562864
97,2.971480872,3.831481038,1.86862106,1.987938007
97,2.829625794,3.655484189,1.877713336,1.871524124
97,2.605932573,3.360601584,1.929667772,1.720919539
98,3.062487837,3.92925636,1.852769125,2.000195991
98,3.009642923,3.834607368,1.929624938,1.970806342
98,3.081057815,4.171969714,2.027852669,2.055294775
98,3.256178983,4.496347223,2.016464384,2.167738225
99,2.911930694,4.075845398,2.169104265,2.017079066
99,2.997562837,4.389601139,2.297980607,2.109620456
99,3.090867486,4.358975073,2.460403747,2.158568366
99,2.932834742,4.07886693,2.570202848,2.059383519
100,3.390094678,4.723410806,2.518588725,2.392771361
100,3.542398501,4.790020447,2.712404059,2.515402015
100,3.64435907,5.114085797,2.855440572,2.652023436
100,3.912194253,5.380941895,2.993332077,3.048287602
101,3.372380439,5.117629956,2.890525438,2.581388134
101,3.481974585,5.458624062,3.022470437,2.794138886
101,3.546029895,5.423622263,3.236038667,2.788701519
101,3.315998118,5.18756349,3.312348327,2.812329865
102,3.927699439,5.702326359,3.401767787,2.882355451
102,4.067927217,5.79297289,3.644562526,2.962650686
102,4.089996948,5.559504799,3.669907415,3.108164019
102,4.126515465,5.548085596,3.807870031,3.238149733
103,4.098163565,5.348038988,3.561319654,3.079829686
103,4.162301501,5.186947964,3.60314708,3.238000412
103,3.862677192,4.795678494,3.52274467,3.110138785
103,3.906621746,4.650731651,3.556353677,3.242728142
104,3.545222704,4.686536779,3.43162098,2.884802246
104,3.253589971,4.354350172,3.355997331,2.758171871
104,3.143326454,4.180307221,3.141395359,2.573760151
104,3.194528294,4.395980939,3.041461436,2.480422193
105,3.056010535,3.843187419,3.127089874,2.595508402
105,2.986215832,3.655825766,2.911546455,2.433298622
105,2.651823919,3.373277783,2.834895001,2.220032303
105,2.515519917,3.228465888,2.988507168,2.255581734
106,2.557631362,3.410354894,2.648742273,2.054241049
106,2.270108249,3.234161602,2.600015126,1.906283873
106,2.308408987,3.141406842,2.370808819,1.777971181
106,2.476593193,3.366258305,2.264654461,1.800653551
107,2.203522602,2.853922323,2.3461001,1.69986012
107,2.278856346,2.77140678,2.156616304,1.609596207
107,2.044053079,2.66682821,2.196475857,1.525264316
107,1.854941194,2.548162702,2.34475945,1.528173577
108,2.142819408,2.84006132,2.110770034,1.544446557
108,2.009656327,2.901336506,2.206343864,1.574485914
108,2.215079261,2.880010622,2.087416203,1.577265516
108,2.475270264,3.02803742,1.969933376,1.674573073
109,2.125297298,2.766936121,2.174346657,1.523187736
109,2.328430285,2.809634282,2.118761968,1.570868397
109,2.34365771,3.111771956,2.320747997,1.73904579
109,2.170168493,3.204056921,2.498154369,1.77362339
110,2.607595079,3.306995276,2.339721095,1.905673398
110,2.714556073,3.644703631,2.560810398,2.12708406
110,2.778654575,3.624123172,2.609874311,2.117519061
110,2.948097433,3.520100613,2.460227979,2.098266164
111,2.66332494,3.821328117,2.832468164,2.199231396
111,2.732803504,3.881386277,2.944302735,2.190091871
111,2.981537014,4.311023372,3.221120283,2.462368544
111,2.957105229,4.584894171,3.653282338,2.305599708
112,3.515041229,4.657509141,3.326115212,2.955260704
112,3.822713228,5.132627611,3.658585347,3.281035869
112,3.749786033,5.197869684,3.414441683,2.694515477
112,3.962568811,5.108142007,3.16124123,2.74582835
113,3.728716457,5.504516123,3.557930205,2.328230561
113,3.951342812,5.859507828,3.817182566,2.037514498
113,4.300242521,6.575703464,4.140918656,2.128761787
113,4.520404023,6.921998517,4.327463572,2.380377488
114,4.504698857,6.887933083,4.345829823,2.09093255
114,4.971612101,7.638781215,4.81615936,2.397425483
114,5.295450403,8.112008717,5.271179365,2.652845187
114,5.697067631,8.715197415,5.707299424,2.974091833
115,5.301630865,7.926738091,5.549274687,2.642086011
115,5.733776104,8.418050808,6.135432246,2.972970818
115,5.603286637,8.250154238,5.95296547,2.988440154
115,5.211909724,7.666886341,5.404328786,2.718963257
116,6.019813904,8.885229395,6.526307462,3.497112675
116,6.07237778,9.018321485,6.640164719,3.765904223
116,5.891839897,8.632352242,6.388595897,3.556108898
116,5.730116838,8.454810737,6.186520055,3.631422798
117,6.005922615,8.504581693,6.377784432,3.359676872
117,5.934272017,8.186461319,6.227469823,3.180605324
117,5.513125701,7.445206352,5.591728425,2.805105891
117,5.452420736,7.19756329,5.418437761,2.836595803
118,5.35241134,7.170505766,5.296714693,2.59384979
118,5.021871645,6.527908737,4.766999742,2.396525344
118,4.763055099,6.31004523,4.397142908,2.592122981
118,4.629976678,5.926192117,4.114391976,2.72950662
119,4.8637001,6.770057601,4.615426426,2.865151232
119,4.775898283,6.843684531,4.545291764,3.250095984
119,4.883452065,7.088404437,4.782452762,3.583918089
119,4.848860419,7.019903323,4.731443085,3.911531339
120,5.130137247,7.470435063,5.143599838,3.579460481
120,5.228643903,7.762886274,5.398142633,3.887943681
120,5.052257224,7.27654425,5.103825065,3.75988607
120,5.14232839,7.42943455,5.243927386,4.123564645
121,4.923080935,6.743170225,4.830316065,3.385261474
121,4.885802104,6.35092338,4.730696524,3.364940394
121,4.829917417,5.933009927,4.476173359,3.519613626
121,4.901725853,5.832798484,4.527216056,3.553733844
122,4.789786366,5.84004642,4.312443186,3.660178405
122,4.816834886,5.549349608,4.168225247,3.900568544
122,4.534505917,5.163418219,3.880438253,3.422207506
122,4.290412466,4.888726039,3.593944442,3.164689688
123,4.549389709,5.139978988,3.907159509,3.25265281
123,4.360494426,4.905727581,3.714754897,2.959471248
123,4.44888483,4.70020472,3.530922546,2.929808328
123,4.309706929,4.470564059,3.484092296,2.823650582
124,4.62169294,4.763065581,3.626646948,3.081116497
124,4.731151289,4.677143721,3.46906287,3.163679938
124,4.620456467,4.494387246,3.302684732,3.129441397
124,4.738327475,4.476750885,3.208571506,3.228469321
125,4.40150848,4.388711756,3.283897587,3.000197192
125,4.299640756,4.275107857,3.168464239,2.986144203
125,4.001045147,3.897526273,2.838700657,2.663312599
125,3.828865626,3.747122829,2.719423414,2.453861899
126,4.056987556,3.829653431,2.718068539,2.739171771
126,3.837527305,3.516740911,2.420615393,2.499583893
126,3.511181688,3.316245754,2.380843865,2.20906934
126,3.322633177,3.077582782,2.193869729,1.958798642
127,3.478723032,3.497346421,2.621524008,2.291808119
127,3.208925772,3.437048975,2.675219375,2.102832831
127,3.09624412,3.378083051,2.683919908,1.889092865
127,2.833885932,3.219825177,2.627311319,1.646930951
128,3.314042066,3.581909834,2.783114848,2.007520257
128,3.258186169,3.613274193,2.794434282,1.84870927
128,3.182524929,3.365537729,2.539025034,1.66422744
128,3.038095777,3.361522119,2.525276653,1.490740436
129,3.331751167,3.241215403,2.386759613,1.775831932
129,3.326337056,3.111404145,2.148056186,1.706366309
129,3.077322705,2.885610785,2.00537554,1.479474181
129,3.031830287,2.90451092,1.922482148,1.407962825
130,2.926531898,2.779474437,2.051374876,1.423056799
130,2.674056476,2.578837365,1.981132303,1.225577243
130,2.466681263,2.668697929,2.135311844,1.069387919
130,2.344348476,2.621333889,2.109159444,0.999607341
131,2.506248664,2.907197027,2.349385768,1.139640093
131,2.37581843,3.127027008,2.549102935,1.111854218
131,2.43322423,3.246518065,2.535491662,1.058602897
131,2.313645907,3.364320004,2.626306858,1.074951833
132,2.644724954,3.277666125,2.472239546,1.113917436
132,2.747999761,3.458109571,2.451642784,1.157632228
132,2.709570493,3.372136507,2.288232141,1.201959978
132,2.716230451,3.600986212,2.373294787,1.293856089
133,2.717372954,3.114787354,2.094312008,1.216660834
133,2.739472154,3.087362191,1.962964025,1.345350248
133,2.537351816,3.073856468,2.115331997,1.306065608
133,2.602709325,3.274885131,2.186008577,1.501176658
134,2.330485587,2.925824659,2.233619975,1.147155122
134,2.148189441,2.985650162,2.43105215,1.225323429
134,2.177885614,3.352219868,2.644238909,1.382009592
134,2.183502709,3.505011644,2.784485353,1.60185524
135,2.263016749,3.530008592,2.729377506,1.322546097
135,2.315466694,3.902660024,2.93295742,1.475676525
135,2.438551354,4.066341866,2.886772091,1.661523472
135,2.446574684,4.345199198,3.032821784,1.886227168
136,2.550401489,3.96469663,2.693231877,1.661674113
136,2.743928958,4.197664565,2.646338749,1.920051006
136,2.750483355,4.214402885,2.66513293,2.137023019
136,2.899943125,4.528831514,2.770385998,2.402802075
137,2.599351966,3.916936583,2.612564398,2.027174061
137,2.60972188,3.930844667,2.67516793,2.231354937
137,2.5437458,4.100389176,3.016061323,2.381587118
137,2.589841282,4.332390087,3.225726876,2.675504181
138,2.457033724,4.092014218,3.080874601,2.224132908
138,2.503153705,4.320790779,3.507463081,2.434061997
138,2.278596359,4.647538878,3.589734455,2.648383816
138,2.280820634,4.890437341,3.659850888,2.616542526
139,2.54504419,4.993745209,4.127365677,2.998653594
139,3.158552419,5.436152413,4.780045974,3.229375247
139,3.338431656,5.677778559,5.152952041,3.297994634
139,3.484867318,6.064216182,5.514026037,3.35153505
140,3.309926613,5.458041785,5.026394848,3.24341386
140,3.702071795,5.81505818,5.551179909,3.385701044
140,3.1765784,5.681741746,5.454029156,3.384904024
140,2.92177744,5.905714007,5.365448084,3.409995705
141,3.257666346,5.447605401,5.501973443,3.537789424
141,3.073186949,5.510201311,5.600137786,3.752458441
141,3.1987624,5.623716413,5.564920154,3.341746758
141,3.616884656,5.746318478,5.332739387,2.673195181
142,3.273525547,5.700213133,6.052785217,3.693091764
142,3.503507454,5.960920251,6.09520584,3.595593403
142,3.364779377,5.964502919,5.882140898,3.495175801
142,3.378535947,6.199066109,6.075142017,3.43757927
143,3.468349738,5.968589894,5.520723067,3.580569708
143,3.714754156,6.127052002,5.589683899,3.965307097
143,3.865601331,6.358715561,5.378679555,3.711504735
143,4.511788164,7.282006338,5.463953886,3.979509308
144,3.734283827,5.89394832,5.533198001,3.497812034
144,3.995468947,6.430594425,5.520890908,3.597944968
144,3.721752086,6.387390508,5.163042302,3.16787481
144,3.616372882,5.706438098,5.1325952,3.054076044
145,3.933044248,6.949940502,5.196992642,3.214444098
145,4.044309871,7.292734737,5.209326676,3.171187702
145,4.213004476,7.568780807,5.144004352,3.169521
145,4.565385206,8.322267429,5.412415467,3.612936606
146,4.234317784,7.067250008,5.198866341,3.322862846
146,4.554823176,7.410500564,5.365498552,3.724838999
146,4.530183682,7.442454857,5.288368149,3.48088766
146,4.525616688,7.096397817,5.377896056,3.518203409
147,4.697289438,8.043004922,5.545583255,3.30825637
147,4.86252893,8.382832877,5.764566642,3.310997558
147,4.911787182,8.119725717,5.718648033,3.576326994
147,5.182017309,8.345854674,5.985318072,4.002057035
148,4.823688575,7.555025628,5.57641057,3.917834147
148,5.11082063,7.386528532,5.771456566,4.540365646
148,5.380920021,7.952219111,6.238340425,4.355557214
148,5.694448575,8.07172097,6.516909423,4.976589095
149,5.432708517,8.676136361,6.549299575,3.727854345
149,5.846511087,9.326568792,7.18256746,3.776427053
149,5.925958047,9.234344276,7.335768566,3.748731388
149,6.287287498,9.775246936,7.859450137,4.019851314
150,5.642317485,8.735986207,6.837419987,3.577932243
150,5.865225601,8.865991688,7.110842107,3.729758909
150,5.67637074,8.485678296,6.534235141,3.436059537
150,5.380804221,7.914094158,5.885251521,3.070373427
151,5.727380745,8.704597405,6.432399216,3.408497736
151,5.843538221,8.761355319,6.179028727,3.40260288
151,5.518484757,8.057562739,5.908294134,3.220617139
151,5.518006071,7.278162173,6.278836345,3.560359436
152,5.319570643,8.261363142,5.495573615,2.681820809
152,5.148936645,7.907838319,5.339122002,2.564003048
152,4.818016283,7.168478981,4.827992239,2.499522976
152,4.776096574,7.40090769,4.824325565,2.517418627
153,4.540153826,6.425899395,4.504143471,2.40387438
153,4.305811033,5.756180309,4.081303811,2.325795711
153,4.072561982,5.333571499,3.842182467,2.164905252
153,4.157165794,5.534075199,4.057632137,2.210155495
154,3.840527841,5.381958251,3.652542088,2.025807857
154,3.707179813,5.331670916,3.648227404,1.963973719
154,3.639484601,5.120120638,3.639771274,1.994670251
154,3.584676854,4.923313451,3.51116692,2.00860927
155,3.719517883,5.09585467,3.758702337,2.056790459
155,3.693735346,4.989096219,3.753217499,2.127750161
155,3.479665546,5.03323408,3.784332208,2.030784142
155,3.518853211,5.403540797,3.95959779,2.12876907
156,3.246848297,4.688489232,3.60867604,1.83351011
156,3.045628678,4.718894548,3.632829728,1.7875865
156,3.024801373,4.780441381,3.73495624,1.932842175
156,3.026780776,4.559062865,3.649444837,1.927062451
157,3.069135987,5.153865957,3.919493695,2.094057524
157,3.093242082,5.32634835,4.036049916,2.288896126
157,2.95865595,5.338420779,4.051687902,2.342533432
157,2.882592612,5.411632467,4.087231891,2.295418539
158,2.953128772,5.267113622,4.006896023,2.450394234
158,2.869089985,5.325266695,4.058669954,2.556986694
158,3.021976381,5.559957675,4.173941816,2.809784488
158,3.135169392,5.545537883,4.150159731,2.864044831
159,3.093755395,5.875675067,4.330740653,3.036440589
159,3.24778122,6.136024073,4.459673062,3.290326746
159,3.070976383,5.879076807,4.33365457,3.220893094
159,3.157281025,6.0745003,4.415197086,3.370939217
160,2.838219647,5.449957799,4.116975425,2.969029953
160,2.661656753,5.203597846,3.989051745,2.896379526
160,2.642628406,4.985773586,3.797833915,2.791353143
160,2.676178091,4.83329872,3.67705977,2.66456346
161,2.646737625,5.012809489,3.813468907,2.866796124
161,2.691406957,4.916363948,3.665240546,2.833111188
161,2.444517691,4.437948111,3.369209842,2.535213019
161,2.518473072,4.274660337,3.200431564,2.438422267
162,2.217557127,4.248573166,3.318451447,2.408970809
162,2.021590246,3.846763824,3.07350201,2.166452349
162,1.835425164,3.553252525,3.021518,1.973516666
162,1.830341382,3.725924394,3.219677911,2.085190852
163,1.786396072,3.186636052,2.791109863,1.726052621
163,1.643990874,2.910460495,2.740252087,1.587735269
163,1.583617786,2.759978677,2.656865461,1.558551583
163,1.687584751,2.663500096,2.475234054,1.481565128
164,1.48514982,2.835177896,2.840189614,1.686447886
164,1.485103719,2.786261589,2.821241505,1.72364003
164,1.564824146,2.60241562,2.854264258,1.756556989
164,1.59689954,2.693168369,3.026979394,1.893509968
165,1.715209658,2.455665927,2.694626284,1.691046558
165,1.891003802,2.425011173,2.768330606,1.817911405
165,1.975235877,2.590042422,2.869692792,1.960318689
165,2.023665776,2.663141655,2.750618252,1.88893534
166,2.040762309,2.737801445,3.123722619,2.167875841
166,2.161201802,2.944495084,3.260960114,2.328489601
166,2.429492214,3.082027326,3.460454852,2.578952593
166,2.477297375,3.093095367,3.546671692,2.663586953
167,2.671017131,3.265034553,3.535368491,2.701391074
167,2.947245,3.48054573,3.774999098,2.959465698
167,3.017836564,3.634538356,4.013196173,3.165127509
167,2.984768446,3.698157944,4.042465671,3.230954875
168,3.106968126,3.737415138,4.212396838,3.270111237
168,3.246547974,3.945354531,4.461794095,3.504734919
168,3.560887668,4.208511877,4.691279732,3.758432215
168,3.617614131,4.222411232,4.655344674,3.737808723
169,3.766048202,4.433967222,4.953811454,4.013993962
169,4.094291475,4.724979664,5.239904442,4.276389404
169,4.158530208,4.79805573,5.393219606,4.371194373
169,3.993370579,4.700275516,5.361788098,4.275651325
170,4.344416393,4.999113323,5.496093847,4.550685222
170,4.446290628,5.119216763,5.653194164,4.624171717
170,4.617651085,5.400627569,5.868853188,4.844467556
170,5.029538924,5.822394254,6.029842385,5.042230615
171,4.556185984,5.303060552,5.950749899,4.819150525
171,4.786036387,5.632043533,6.220142352,5.074745918
171,4.822580159,5.802156641,6.078282869,5.240458354
171,4.68299631,5.731844025,5.909790023,5.308780055
172,5.002413869,6.053625333,6.079934227,5.426415661
172,5.203740933,6.422308012,6.065015275,5.644424654
172,4.934683057,6.252946926,5.973719923,5.262300385
172,5.019489223,6.456967766,6.029987698,5.308403805
173,4.566543424,5.890590763,5.952095694,4.836243727
173,4.331917169,5.684930401,5.863489988,4.517858352
173,4.37799938,5.803944845,5.919316945,4.345653945
173,4.305201253,5.793358263,6.321779677,4.092507212
174,4.589264228,6.025534301,5.736078101,4.709189063
174,4.641582885,6.155871347,5.663225989,4.643876362
174,4.915426409,6.439315777,5.232017731,4.739154438
174,5.027366034,6.544356294,5.237181271,4.795614721
175,5.11929749,6.678672017,4.998122383,4.817425218
175,5.40173271,6.989775354,4.615967879,4.986175204
175,5.327821946,6.922838395,4.272509296,4.995461832
175,5.155696668,6.965056788,4.585068179,5.173408656
176,5.275485477,6.745424422,3.926142133,4.727010266
176,5.17669418,6.652788148,3.566964266,4.722526935
176,5.297535105,6.915689391,3.85492776,4.780457321
176,5.672793777,7.402286836,4.211688545,4.922873851
177,5.166709384,6.882896672,4.319499494,4.904781593
177,5.344273025,7.457984182,4.854795433,5.07102329
177,5.150569405,7.556596483,4.829894872,4.908188286
177,5.244034573,7.962537658,4.682662297,4.869729499
178,4.930433565,7.312510726,4.832431057,4.936994942
178,4.839482421,7.543112995,5.009431263,4.954388569
178,4.644539919,7.163429397,4.748704625,4.805090957
178,4.381831339,6.780491259,4.641694632,4.700023577
179,4.765035675,7.176358034,4.652440209,4.778946037
179,4.634752241,6.916193754,4.473289108,4.6471557
179,4.533193492,6.953465496,4.543222013,4.683413996
179,4.71229132,7.411975536,4.776257408,4.901574672
180,4.326316217,6.7336091,4.684190348,4.531705575
180,4.294835424,6.833905103,4.607307813,4.557084469
180,4.182354356,6.504984281,4.441775502,4.36453434
180,4.006155764,6.117919936,4.372137385,4.123016813
181,4.365017934,6.604815667,4.476282484,4.521031952
181,4.308606543,6.357801258,4.336665796,4.384299181
181,4.126049215,6.136123669,4.047168215,4.140355051
181,4.130762565,5.963232387,3.850202126,4.013066127
182,4.154541777,6.116921867,4.099298742,4.099786491
182,4.285384997,6.029941102,3.87257638,3.92430849
182,4.109854008,5.684922381,3.602814583,3.567037895
182,4.277857393,5.632237289,3.387457145,3.433338363
183,3.997639522,5.269912813,3.53516447,3.38548351
183,4.192845179,5.021477155,3.288650727,3.072323321
183,4.274611956,4.924918987,3.147115083,3.037206594
183,4.247236113,4.833523284,2.895584248,2.840973981
184,4.276949982,4.9375334,3.214673041,3.224306943
184,4.475742313,4.910233458,3.113954812,3.271806543
184,4.76177954,5.160043294,3.04541235,3.415169927
184,4.894562387,5.135730088,2.849382639,3.356068868
185,4.92930485,5.506069853,3.253671835,3.62731381
185,5.17029189,5.780929749,3.24012585,3.794562519
185,5.120397174,5.76017463,2.959488187,3.559083464
185,5.292045733,5.903597122,2.875508169,3.6400583
186,4.919860263,5.644698464,2.838658112,3.283216807
186,4.975604419,5.61332887,2.535114714,3.035268759
186,4.996334771,5.443267268,2.295741135,2.897959561
186,5.20991677,5.535341329,2.111794347,2.872000184
187,4.866952016,5.188519753,2.177563155,2.829251875
187,4.930273994,5.033942594,1.985226975,2.737390467
187,5.198340055,5.284577919,2.047366336,3.038546751
187,5.351401486,5.32548036,1.889436143,3.038556969
188,5.370348965,5.530250906,2.369499939,3.317058575
188,5.757079014,5.861628474,2.462195202,3.642157597
188,5.983391625,6.209471686,2.508411508,3.746877473
188,6.246986991,6.455324139,2.52415677,3.914774782
189,5.945141239,6.341179207,2.573838607,3.676956341
189,6.173613485,6.676171874,2.598735436,3.76787393
189,6.225506855,6.668212285,2.418115205,3.610949326
189,6.453973577,6.947874192,2.427225297,3.782628389
190,5.998799863,6.432283828,2.334648103,3.325311482
190,6.115477845,6.483122376,2.17468498,3.190098008
190,6.293809918,6.560142712,2.13227407,3.376906539
190,6.471198408,6.74510997,2.092012188,3.466225128
191,6.327707519,6.41619389,2.136073571,3.428683732
191,6.57831226,6.662535021,2.158657546,3.673515051
191,6.55750243,7.067107467,2.428729554,4.02774591
191,6.705441241,7.387778818,2.507872039,4.20148103
192,6.413679256,7.161483275,2.583955445,4.173839865
192,6.442338366,7.543091798,2.81710535,4.5094177
192,6.336592562,7.804994457,2.972499425,4.494853406
192,6.325477913,8.204659682,3.180981828,4.756345022
193,6.221674546,7.627783511,2.912553575,4.18374497
193,6.147695332,7.803134054,3.051000303,4.171894544
193,6.319110052,7.936855718,3.001350313,4.207326184
193,6.324253338,8.226023407,3.205211469,4.380833885
194,6.501758405,7.862973815,2.799456561,4.036838755
194,6.704835683,8.120885018,2.850908664,4.100196639
194,6.801756851,8.488977902,3.129154992,4.381538273
194,6.930732073,8.878626308,3.357275378,4.515099465
195,6.77527722,8.521088407,3.22035477,4.505445133
195,6.963673295,8.963264056,3.531897209,4.838403254
195,6.767704313,9.333637208,3.898359795,4.979074987
195,6.930827003,9.84800742,4.239618927,5.19537321
196,6.531365546,9.183443202,3.815722825,4.847535814
196,6.381568323,9.638564657,4.151379534,4.988368071
196,6.163038052,9.644155761,4.282092366,4.850778905
196,6.004599209,9.608011588,4.21009182,4.823610434
197,6.341316069,9.59301928,4.364107651,4.703200893
197,6.352952559,9.860890601,4.497024111,4.644563135
197,6.507322353,10.13730212,4.859752013,4.660841467
197,6.630707904,10.46838183,4.708928417,4.656639403
198,6.488566127,10.27416383,5.213830669,4.692086693
198,6.897345561,10.72411192,5.71998698,4.850605831
198,6.944893337,10.36002534,5.883726023,4.838452406
198,7.399873915,10.40867673,5.93134639,4.951161936
199,6.553485022,9.786428834,5.852269825,4.773773868
199,6.688031065,9.728206065,6.271797684,4.85032551
199,6.612273081,8.886924423,5.816741926,4.746394917
199,6.24297301,7.894646128,5.816895723,4.670308709
200,6.928138906,9.309039494,5.538261668,4.8516527
200,7.025274891,9.076370983,5.37788461,4.894981376
200,7.089003777,8.838864294,5.323906696,4.77537029
200,7.120590232,9.374409186,5.456440441,4.69685852
201,6.963839178,7.911799581,5.371369797,4.781440026
201,7.150261414,7.727634506,5.344562175,4.815150434
201,7.373711808,8.507033157,5.181816837,4.92135689
201,7.501774402,8.786012394,5.11819718,5.121219303
202,7.630011444,9.401019257,5.318378865,4.827907437
202,7.951016712,10.22579227,5.472980976,5.16792234
202,7.766605356,9.885483747,5.426831333,5.375622522
202,7.876564746,9.731994623,5.894966986,5.747488351
203,7.565133706,9.320175204,5.124210353,5.401800322
203,7.598572669,9.581492057,5.493552511,5.745082887
203,7.759084479,9.528980869,4.855115885,5.545007426
203,7.945190741,9.467798619,3.996423387,5.065434148
204,7.893810841,9.620241159,5.305423779,6.017313836
204,8.270406643,10.13054361,5.438641828,6.215570271
204,8.229952278,9.625282975,5.109040449,6.390567905
204,8.133045102,9.753473892,5.732433817,6.702012446
205,8.401768085,8.779666074,4.256494389,6.043706756
205,8.629948252,8.498067594,4.285897558,6.381241479
205,8.201428107,8.123355355,4.26353665,6.589926899
205,8.199557715,8.024216633,3.946692679,6.59642182
206,7.750456283,8.32125918,5.012858878,6.909164293
206,7.511040803,8.208922934,5.481109406,7.19584692
206,7.942045413,8.030509919,5.605876939,7.603341342
206,8.368733033,8.19626397,5.811436712,7.827645271
207,8.267160153,7.726294707,5.427446355,7.703440332
207,8.810877103,7.726060915,5.875975971,8.208267216
207,8.48256273,8.003177929,6.741178472,8.539582237
207,8.047375626,8.162068777,6.906731954,8.500466016
208,8.709199815,8.426335324,7.547956402,8.965048261
208,8.811821834,8.909955537,8.504491195,9.408063844
208,9.462854411,8.960736902,8.868086161,9.883265081
208,9.96330558,8.87442399,8.763897205,10.02364939
209,9.630966613,9.035858161,9.224388063,10.13729945
209,10.31393016,9.3266301,9.707414569,10.72807945
209,10.4831252,10.29111536,10.90991943,11.21154633
209,10.04964223,10.72988851,11.44548228,11.24080532
210,11.22217603,10.7766588,11.4301707,11.60850485
210,11.69957005,11.82012604,12.6320889,12.24487839
210,12.56177576,12.18963753,13.18694846,12.71994917
210,13.07808837,11.78454893,12.7789644,12.71790085
211,12.50448593,12.79669842,13.98615106,13.08093652
211,13.40383488,13.32453597,14.66569551,13.67222326
211,14.3221605,14.10101052,15.4639106,14.23354216
211,14.22046866,14.21697009,15.48001294,14.18223005
212,15.40822939,14.53930548,16.00995364,14.83062383
212,16.46157604,15.37911056,16.88870704,15.56153114
212,16.56210614,16.36114565,17.8204539,15.93241605
212,17.30817724,17.08620058,18.50589787,16.47368577
213,15.82284222,16.4407001,17.86471518,15.63013969
213,16.01449482,17.39349936,18.79694871,16.05355588
213,15.16844317,17.07638159,18.3536765,15.66730932
213,15.30648917,17.78959772,19.03626809,16.0529328
214,14.41172391,15.94074249,17.13810448,14.98378987
214,13.69942378,15.62810197,16.68965731,14.67861235
214,12.94890424,15.35139056,16.43928984,14.44445251
214,12.59007353,15.31468992,16.30717103,14.42347222
215,12.75374136,15.34776506,16.51829153,14.35022468
215,12.01053846,15.18657959,16.3733166,14.19564867
215,11.15565063,14.02533927,15.15152913,13.62786809
215,11.28709786,13.52244308,14.68679399,13.38359446
216,10.38164708,13.58321518,14.57882908,13.50661449
216,9.670797298,12.54501898,13.44795729,13.09862701
216,9.426639696,12.49331164,13.55018812,13.08967622
216,9.435954484,13.2315309,14.40340229,13.43971053
217,9.681179736,11.94373003,13.09625941,12.90844348
217,9.478433035,11.89396426,13.133376,12.88556297
217,9.210524276,10.97349758,12.12271331,12.87989814
217,9.360031103,10.22415975,11.28101175,12.80623757
218,8.971433145,11.24245848,12.45392538,13.17939972
218,9.066996539,10.60604722,11.69406966,13.37721162
218,9.630302316,10.02345482,11.05048251,13.39765152
218,9.972008982,10.37575895,11.4550538,13.46249479
219,9.963270986,9.19327621,10.11703201,13.27819627
219,10.7339491,8.636937094,9.436514477,13.61051323
219,10.80267293,8.611691425,9.566847689,13.34723536
219,10.85790665,9.148939485,10.0778767,13.19361166
220,10.57551194,8.031305503,8.973866994,12.8372327
220,10.89166133,7.907303121,8.978687617,12.74437544
220,10.54644097,7.605706184,8.519244161,12.6420483
220,10.0496939,7.546634541,8.288727494,12.67876169
221,10.76540125,7.589511408,8.457294983,12.48313882
221,10.46919402,7.471704236,8.138637467,12.44677788
221,11.00383107,7.271896422,7.938832703,12.7320885
221,11.7556552,7.263558381,8.018052182,12.96619818
222,10.87907271,7.157397957,7.680165103,12.8863539
222,11.42871979,7.013412495,7.522483224,13.21267049
222,11.0019689,6.873039115,7.371092713,13.08257633
222,10.27390936,6.902348053,7.363262783,12.87620058
223,11.41851494,6.650765617,7.131218411,13.04542349
223,11.20334829,6.548758282,7.075380488,13.00106335
223,11.4483999,6.461788907,7.020085759,13.31777596
223,12.16623513,6.577779259,7.139858803,13.74477105
224,10.8096757,6.41412698,6.980233888,13.20485696
224,11.18633169,6.404271585,7.014366045,13.57338366
224,11.22567285,6.390296428,7.249124047,13.5107509
224,10.75104342,6.32695989,7.21215021,13.15739935
225,11.96543435,6.559749619,7.610893354,13.8869215
225,12.22415228,6.749048422,8.094065375,13.89953028
225,12.25181596,6.413404432,7.75237072,13.86880624
225,12.91506304,6.684436465,8.089335858,14.21982229
226,11.50132883,6.019348181,7.065087156,13.39342949
226,11.68317668,5.757150917,6.806651995,13.43734395
226,11.50549947,5.209605407,5.971137865,13.17908413
226,11.13063836,5.471342443,6.028924517,12.70074555
227,11.96945311,4.778730463,5.327003047,13.66796479
227,11.95128234,4.45482853,4.885062457,13.56458251
227,12.41556701,4.07337594,3.987949926,14.11333385
227,12.90879653,4.219957845,3.678532505,14.77053923
228,12.16758415,3.882647837,3.697465881,13.90432012
228,12.60850272,3.56022601,3.031013208,14.43181584
228,13.63268994,3.788390446,3.209556215,15.2117772
228,14.06035695,4.069695838,3.074499076,15.80934712
229,14.18855827,4.371817109,4.16654164,15.46300767
229,15.1704929,4.836408692,4.591755454,16.27320946
229,15.72230992,5.046954946,5.146073077,16.50922748
229,16.54006825,5.499375149,5.456867212,17.21424244
230,15.36024693,4.951937917,5.458205501,16.06693279
230,15.94638891,5.388627605,6.239675516,16.3870114
230,15.4092993,5.487498165,6.287186893,15.97465776
230,15.08766322,5.223043846,6.440632018,15.43681164
231,15.46816255,5.94497195,6.090439828,16.30514182
231,15.13133701,6.55568745,6.592867848,15.93439201
231,15.33344722,6.695891578,6.872371685,16.26308091
231,15.75307541,6.711782406,6.919544634,16.90170562
232,15.31439164,6.657240824,7.184714009,16.04414984
232,15.49051806,6.911769591,7.569679295,16.16635689
232,14.74584444,6.775674788,7.541768906,15.62216365
232,14.14540149,6.612829641,7.396045852,15.18423042
233,14.81580099,6.878750252,7.594994918,15.6945418
233,14.20522316,6.878856178,7.671969312,15.22864979
233,14.544611,6.969117884,7.835145911,15.31767063
233,15.35751716,7.121161172,7.970355481,15.90192922
234,14.11107764,6.92125486,7.791620976,14.93827352
234,14.43534512,7.069638891,7.946434167,15.04979999
234,13.76732987,6.982055279,7.926257028,14.57960179
234,12.96619645,6.876304452,7.888889726,14.12245539
235,14.15308468,7.090841764,7.960437966,14.73089271
235,13.64451563,7.095847087,7.970225691,14.35244062
235,13.99786416,7.185949799,8.127673648,14.4297497
235,14.83214216,7.287232141,8.218973395,14.95035038
236,13.48091081,7.184900079,8.239405616,14.0685957
236,13.84925244,7.360222849,8.390919453,14.1998334
236,13.62711357,7.548734818,8.482945482,14.03865701
236,12.89199493,7.666303098,8.528754051,13.68832486
237,14.47187952,7.631900155,8.550378639,14.52400378
237,14.44374954,7.857330821,8.672784975,14.42154316
237,14.26988014,7.354587234,8.512780533,14.28277395
237,14.5048583,6.75113988,8.259838175,14.51218948
238,13.6115987,7.779834071,8.88672115,13.84140861
238,13.44449458,7.664456857,8.875579131,13.70389364
238,14.51105807,7.500321666,8.586607514,14.07057228
238,14.64163723,7.56872006,8.574965506,13.87159886
239,15.46438248,7.39839294,8.407293124,14.70671696
239,16.44943618,7.537456109,8.523715604,15.24055576
239,17.00617571,7.195322243,8.330362398,15.62270583
239,17.41466535,7.084402755,7.830122373,16.03280564
240,17.07444735,7.162336569,8.745845618,15.47067598
240,17.62711968,7.308225709,9.069121535,15.89795848
240,17.21784115,7.750056501,9.345326495,15.66101862
240,17.45109118,8.278987935,9.704062723,15.81322212
241,16.64255657,7.737989119,9.16413555,15.44549856
241,16.40322965,8.257944831,9.428044344,15.31703264
241,16.85054819,8.305244434,9.291101453,15.5904544
241,16.85338843,8.400556598,9.148922664,15.67817983
242,17.29184921,8.285844253,9.361663195,15.64205656
242,17.95899793,8.515384491,9.43069957,16.03425112
242,18.77993494,9.258008252,10.12740731,16.95729093
242,18.85633407,9.702653821,10.14637834,17.10580586
243,19.29189354,9.567432934,10.67907027,17.55222592
243,20.31937872,10.54248746,11.62891518,18.50506045
243,20.25268402,11.32526368,12.4293998,18.55140786
243,20.55206653,11.65106444,12.67515266,18.89198145
244,19.887326,11.67763139,12.82320075,18.21899613
244,20.05635315,12.61465133,13.75978249,18.33670091
244,19.90427815,13.19341011,13.9977745,18.46465603
244,20.0121215,13.74350792,14.25752646,18.70383606
245,19.66924229,12.98222252,13.67176326,18.34545996
245,19.90429895,13.6129864,13.94369573,18.57645937
245,20.70649188,14.17679373,14.43878426,19.18771296
245,20.87932854,14.5377671,14.68127894,19.12394102
246,21.1903851,14.23328075,14.48688958,19.69068587
246,22.19843295,14.80078593,14.93893737,20.33844691
246,22.85399395,15.92728332,16.15152532,21.19455617
246,23.16951398,16.59572978,16.67352298,21.59363583
247,22.88516179,16.20238553,16.72352596,21.44465646
247,23.81196542,17.34590446,17.97757293,22.36166193
247,23.49841372,17.82018352,18.55110716,22.16171666
247,23.66413046,18.21388539,18.78403921,22.31890968
248,23.03524662,17.70203473,18.56437373,21.64791186
248,23.01537219,18.50551784,19.35846346,21.61060059
248,23.18041891,18.95715116,19.92522975,21.98101231
248,23.27449554,19.15781629,19.95129861,21.78408445
249,23.34823535,19.14530607,20.38204765,22.61044228
249,23.7301981,19.96110487,21.24239793,23.1928736
249,23.48058137,19.64105448,21.22288857,23.17197677
249,23.53670059,20.24275315,21.95139177,23.43803394
250,23.12605042,18.69261404,20.34943904,22.61086147
250,23.23262777,18.43180264,20.27021269,22.73249391
250,22.50699524,18.04680417,19.8298542,22.07634846
250,21.59428704,17.60889783,19.35020033,21.38306576
251,22.78455461,18.45647225,20.10440512,22.08239928
251,22.45310429,18.3608332,19.90012667,21.63703133
251,21.72056807,17.52499952,19.17799335,20.98499383
251,21.06613336,17.75289814,19.11697982,20.75741495
252,21.59189437,16.74760852,18.60266253,20.91707753
252,20.95457211,15.84091277,17.78650634,20.25434081
252,19.9182517,15.01476136,16.85358381,19.23331774
252,19.25671431,15.00177491,16.94054778,18.80703202
253,19.76906538,14.6265785,16.1354459,18.94197321
253,18.89514571,13.81051766,15.1493014,18.05990673
253,18.31094248,13.81937065,15.05841479,17.66648057
253,17.44733842,13.84198546,14.88811192,17.15073244
254,18.76023137,14.18873249,15.52790361,18.15940584
254,18.31313214,14.28314238,15.55581367,17.96358851
254,17.77464202,13.79493664,15.03345971,17.3580193
254,17.11769399,13.77093589,14.91982085,16.55192342
255,17.95229379,13.5248739,14.71332812,17.61063066
255,17.52291825,13.31858956,14.25252381,17.26421015
255,16.65677999,12.86349603,13.57488562,16.64466861
255,15.98973713,12.94937076,13.85227537,16.31693621
256,16.58807263,12.66529979,13.10247506,16.58862239
256,15.81560164,12.34983171,12.35153503,16.02393326
256,15.06925668,12.24504859,11.66656649,15.50605431
256,14.30590362,12.45950534,11.31262286,14.96760691
257,15.32573186,12.06743165,11.76624209,15.69509698
257,14.78215043,12.15972554,11.41387253,15.42510338
257,14.29736349,12.19524481,11.24495912,15.07090633
257,13.5804742,12.48627064,11.22382082,14.30557636
258,14.70914999,12.09005578,11.11488073,15.47340882
258,14.35319515,12.15749146,10.93767718,15.27669352
258,13.72379452,12.18064396,10.60423499,14.92990239
258,13.08217274,12.23288346,10.40764178,14.45728107
259,14.01353888,12.31097222,10.66445768,15.11598438
259,13.56705986,12.34010657,10.3245617,14.85119549
259,12.7603591,12.56661393,10.19110112,13.98921062
259,12.20427533,12.72661264,9.922066945,13.54969807
260,12.75591335,12.60278708,10.37983736,13.69948428
260,12.13748789,12.85641693,10.28867368,13.01065384
260,11.63604826,13.00636103,10.19075454,12.43001669
260,11.02929381,13.26328507,9.992572918,11.76828974
261,11.92406972,12.79724948,10.25709216,12.78730299
261,11.54362549,12.88357763,10.16061756,12.35853694
261,11.05304063,12.72328042,9.854854035,12.29749484
261,10.48625942,12.81070273,9.62764782,11.66696618
262,11.39990722,12.63386117,9.892904267,12.99087987
262,11.15698331,12.54293752,9.658793159,13.07564438
262,10.70139714,12.65023105,9.280738604,12.51402539
262,10.30504865,12.66391124,9.004071318,12.23608278
263,10.86849266,12.92216379,9.357059202,12.1921575
263,10.55509218,13.05856225,8.985473749,11.71067088
263,9.940669359,13.16234243,8.563797973,10.86776531
263,9.6347262,13.30301995,8.227905857,10.47407436
264,9.863545235,13.12255205,8.563370924,10.60189858
264,9.486210173,13.27128384,8.186095315,9.89470241
264,9.07778678,13.22097514,7.998746289,9.577222142
264,8.758299465,13.38279526,7.632759953,8.931815733
265,9.142428817,13.00375373,8.291727848,10.13813106
265,8.804543071,12.92921008,8.223994015,10.01619487
265,8.645104,12.92013943,8.121128355,10.04422692
265,8.312781269,12.94875248,7.930760638,9.672393065
266,9.046504301,12.99891625,8.314739684,10.52256147
266,9.161394599,13.07563267,8.243350745,10.67473347
266,8.959284565,13.28776798,7.82322759,9.904155535
266,8.934476403,13.39718283,7.705443277,9.789307655
267,8.97226138,13.4235567,7.661628688,9.383049378
267,8.951820272,13.7144532,7.296772399,8.707413759
267,8.602352459,13.82898717,7.061951805,8.107563152
267,8.688326734,14.08847172,6.856916897,7.820889934
268,8.303572627,13.68557292,7.213010196,8.021195513
268,8.066503552,13.82933945,7.0078278,7.532371347
268,7.853171561,13.77710256,7.101030506,7.747175756
268,7.87511507,14.01076401,6.957806329,7.407057787
269,7.924125254,13.5852877,7.444626839,8.491786599
269,7.903456618,13.50730759,7.636699044,8.932175847
269,8.353689303,13.73569887,7.625477977,9.062217594
269,8.486156997,13.82631257,7.647005414,9.118874538
270,8.729638185,13.97223855,7.67192766,9.138460548
270,9.27272994,14.27461051,7.65957199,9.354203311
270,9.318348853,14.67338916,7.618014072,8.889418389
270,9.709463176,14.88520614,7.600647986,9.124427346
271,9.04481814,14.90216128,7.763834181,8.409592393
271,9.278295121,15.37257552,7.762849577,8.082330191
271,9.106881785,15.38385769,7.699866061,8.028980035
271,9.524112743,15.72427529,7.689843309,8.108007331
272,8.636395611,15.10571643,7.905210246,8.142585965
272,8.490586619,15.11341182,7.940460476,8.233278808
272,8.649162217,14.80875373,7.732550623,8.514139015
272,8.875058652,14.91914824,7.09334908,7.908222372
273,8.919768873,14.58928936,8.099605476,9.221966499
273,9.264240029,14.281238,8.020758792,9.593992825
273,9.782386945,14.59952921,8.092767212,9.620191261
273,9.800905919,14.31780028,7.810958657,9.532390154
274,10.19341099,15.28327717,8.481137898,9.717497391
274,10.7782281,15.72693519,8.733502569,9.872853328
274,10.79051911,15.91055792,8.220180123,9.085738306
274,11.09007292,15.97674258,8.298526604,9.157958635
275,10.37513077,15.85812748,7.734762865,8.264490427
275,10.38279561,16.08911818,7.284107282,7.554319029
275,9.943446979,15.39699861,6.613179525,7.066839564
275,10.0833129,15.382483,6.015694105,6.626349901
276,9.429640669,14.79317426,6.687364244,7.304486739
276,9.047347778,14.13974229,6.079179558,6.98908635
276,9.224608126,13.71474262,6.027715649,7.206994189
276,9.040639285,13.20907523,5.358299604,6.686351816
277,9.688322695,14.06827517,6.813277902,8.107498499
277,9.991148302,13.87155116,7.016095018,8.453219466
277,10.23812191,13.99052284,6.809447464,8.095614455
277,10.2766662,13.66301344,6.608941802,7.947577149
278,10.476459,14.42432055,6.907510777,8.092262014
278,10.74665431,14.70440402,6.842440481,8.012115437
278,10.27113907,14.21662824,5.879444042,7.145301804
278,10.40753761,14.13955037,5.934869188,7.227872188
279,9.734158213,13.80250688,5.232290179,6.4751143
279,9.264236553,13.34884843,4.335325421,5.729253795
279,8.997917263,12.5984957,4.15650603,5.548343857
279,8.922982487,12.26113693,3.982134106,5.268591723
280,8.954221455,12.47607963,4.511392356,5.908888869
280,8.882767121,12.1087381,4.466820352,5.911883193
280,9.392232943,12.17646282,5.21454264,6.287954241
280,9.417746837,11.94023099,5.220392273,6.031149789
281,9.874440538,12.55899695,5.999274835,7.050896762
281,10.40062531,12.88754042,6.840409227,7.657641817
281,10.45328332,12.94541211,6.78933124,7.360222009
281,10.70860992,13.05424989,7.296058499,7.595687906
282,10.25837266,12.90388873,6.302882729,6.934330596
282,10.29666868,13.10047913,6.321266845,6.898837186
282,9.820023133,12.52147084,5.91804463,6.306945864
282,10.00285103,12.64526883,6.469243447,6.639349472
283,9.244029358,11.92897992,5.126184339,5.591962297
283,8.845407598,11.47046499,4.8477256,5.144523252
283,9.136408752,11.52500235,5.440468361,5.22868157
283,9.191791223,11.46955155,5.883050659,5.221599525
284,9.483148357,11.91118416,5.652497175,5.495978969
284,9.868084942,12.29029636,6.302146744,5.770131731
284,10.40433594,12.70096555,7.318947123,6.367177688
284,10.65471478,13.01199469,7.841759966,6.411507132
285,10.66066308,12.81068702,7.654295331,6.977205012
285,11.17485757,13.45297335,8.615653801,7.794095626
285,11.04652823,13.41418495,8.72717672,7.689014073
285,11.42248273,13.9488584,9.566991428,8.270799626
286,10.56079937,12.94804285,8.075631645,6.998454994
286,10.36048782,13.00741682,8.293997991,7.162432706
286,10.1927769,12.75365287,8.36509018,6.855005127
286,10.34482979,12.97513175,9.051721356,7.360279926
287,10.00252254,12.49768534,7.896067623,6.080036049
287,9.981448629,12.52955564,7.796533974,5.951856344
287,10.57828765,13.24260434,8.458799687,5.953169949
287,10.74811642,13.50648304,8.808660359,6.031738367
288,10.9835297,13.60999449,8.91086168,5.935676913
288,11.60778189,14.43158702,9.646128451,5.946198176
288,11.90628317,14.82422915,10.43793569,6.267330878
288,12.26370795,15.23536604,10.692516,7.096588144
289,11.65550617,14.52832942,10.66223658,6.216303648
289,11.86706919,15.16462547,11.4904467,6.702499437
289,11.53268729,15.01632471,11.26076882,6.18745567
289,11.85285433,15.30701075,11.71744576,6.178978252
290,10.97735632,14.50712553,10.52777852,5.513973239
290,10.68989713,14.65355758,10.44068978,5.215549585
290,10.82219861,14.57795762,10.53008944,4.939880555
290,10.78550673,14.52603553,10.14694142,5.102076331
291,11.28765502,14.58457772,11.1199588,4.665208111
291,11.49546436,14.92812742,11.45974684,4.550396285
291,11.12444478,14.78315832,11.28691134,4.594624981
291,11.18518106,14.9863961,11.40963164,4.622690463
292,10.71859737,14.2205929,10.7634251,4.787282297
292,10.42614019,14.24383676,10.67014128,4.98458773
292,9.606475794,13.70887967,9.781783243,5.33528065
292,9.485078231,13.93130611,9.617888396,5.489037492
293,9.136529364,13.05173704,9.078236955,5.565636685
293,8.505369118,12.64085928,8.403271384,6.135761816
293,8.677619379,12.54550037,8.021634917,6.19193462
293,8.464724619,12.87951231,7.683895676,6.705891365
294,9.264266568,12.49989191,8.156509293,5.822377678
294,9.701564432,12.51701505,8.061118041,6.086572582
294,9.952405017,12.54052074,8.366951762,6.070968995
294,10.03750935,12.93696615,8.31152727,6.618570905
295,10.14237741,12.20489657,8.729109423,5.579021329
295,10.40179327,12.2513027,9.019335762,5.543928482
295,9.711847853,11.7915659,8.446104904,5.917717751
295,9.818457494,11.88374563,8.450170974,6.251523481
296,9.048879386,11.29741648,7.906355805,6.003530384
296,8.484384839,11.01228734,7.532698548,6.561847569
296,8.336027661,10.97646145,7.390907909,7.332498561
296,8.229565795,10.89897562,7.343699895,7.839100105
297,8.518187139,10.96140731,7.388853752,7.4668291
297,8.740273956,11.1804027,7.704705411,8.274755488
297,9.414398379,11.27253639,8.141582062,8.539705894
297,9.678426483,11.58694351,8.562681296,9.289829677
298,9.919738298,11.14496596,8.277878572,8.056576987
298,10.67802517,11.38735547,8.948147737,8.416058088
298,10.40601486,10.9798967,8.741217013,8.543527266
298,10.89454243,11.2702418,9.337527504,9.223017232
299,9.664169268,10.44857323,7.9376057,7.920397747
299,9.347599805,10.10282511,7.704579436,8.035545881
299,9.159521104,10.21827925,7.909852926,8.87247179
299,9.378482256,10.22824571,8.257296522,9.337563187
300,8.911563717,10.40299391,7.8979736,9.089487558
300,9.048728968,10.8409454,8.458969054,9.974232527
300,10.09966139,11.50690964,9.524423041,10.74705266
300,10.54630741,11.86293057,10.20522203,11.46071934
301,10.63861726,11.69611454,9.792712811,10.67655011
301,11.73251717,12.55168331,10.88586942,11.49527401
301,12.21935913,12.55202819,11.33548143,11.71480435
301,12.99989774,13.18007862,12.26658165,12.54842629
302,11.72697945,11.77000589,10.65600571,10.98948314
302,12.18885371,11.8988935,11.18409691,11.19015689
302,11.77774859,11.36683748,10.81868508,11.08757046
302,12.17982426,11.49754434,11.28713478,11.39954422
303,11.13707367,10.86021718,10.1733761,10.85675584
303,10.895892,10.49480797,9.935931529,10.81601628
303,10.07606738,9.656858644,9.101078707,9.980772751
303,10.06635064,9.609564376,9.224132374,10.00886994
304,9.537632611,9.130924288,8.454424101,9.344326853
304,8.816883142,8.447267,7.764026433,8.570316179
304,7.721811744,7.378256629,6.421219405,7.824128517
304,7.370147092,7.120382091,5.908013812,7.745654797
305,7.296410283,6.893668973,5.935721058,7.427051741
305,6.452994229,6.063600661,4.755910279,6.853114807
305,5.78752991,5.689011568,4.07404528,6.254575542
305,6.016533869,6.032143124,4.616419777,6.213592837
306,5.382846505,5.589503432,3.394404544,6.046378788
306,4.933799408,5.472181386,2.882077602,5.538873649
306,4.496038496,4.942522927,2.433364073,5.08022686
306,4.504861909,4.833049254,2.269967137,5.170824801
307,4.509004604,4.700629722,2.800879957,4.816344812
307,4.53762001,4.66095194,3.071026857,4.598500795
307,4.693101754,4.88362797,3.257836863,4.529579994
307,4.840412702,5.017556347,3.382770285,4.438643639
308,4.877243446,5.111131835,3.412941196,4.729692227
308,5.205947807,5.405216316,3.789952468,4.82191067
308,5.689521257,5.624297581,4.462662518,4.926530632
308,6.248368082,5.922598681,5.134017003,5.506107992
309,5.595992437,5.494950913,4.458747943,4.547450123
309,6.178936487,5.960492261,5.245228297,4.758151582
309,5.762797697,5.247143416,4.572797031,4.674799809
309,5.793715647,4.929077439,4.420018313,4.805824075
310,5.473751229,5.053005332,4.2679486,4.565928227
310,5.195867396,4.522233842,3.672784587,4.653406007
310,5.117519267,4.367056144,3.60116073,4.784849635
310,5.071954858,4.081019399,3.341614237,4.926961214
311,5.144628859,4.572287446,3.825206796,4.764463693
311,5.095725393,4.504374695,3.779234932,4.859320872
311,5.027777528,4.45587758,3.787752896,4.890877493
311,4.937093154,4.533444006,3.858450752,4.794004268
312,5.114098592,4.35170586,3.710675001,5.034766944
312,5.094387928,4.315758518,3.726271183,5.073763727
312,5.131371278,4.34519605,3.701866685,5.175752319
312,5.23073598,4.352319772,3.664029501,5.253666648
313,5.076974113,4.386938573,3.708193713,5.16915871
313,5.185117951,4.468506553,3.7103564,5.278160378
313,5.341519929,4.45420687,3.749679873,5.359641687
313,5.315097042,4.391865818,3.782496393,5.306733423
314,5.527253712,4.522914659,3.741369335,5.493522174
314,5.727369332,4.566139378,3.806767976,5.587139086
314,5.907189575,4.740230875,3.860179961,5.699395747
314,5.918663662,4.801900989,3.821540038,5.721891543
315,6.069044282,4.849677568,3.964765201,5.758106903
315,6.282207453,5.054690852,4.039550411,5.866900698
315,6.603607085,5.1236992,4.06410099,6.027199023
315,6.713281044,5.059295458,4.075396741,6.059753807
316,6.746063656,5.244156644,4.065881371,6.096148756
316,7.055842428,5.355505447,4.105773068,6.248330553
316,7.303185498,5.600639595,4.216054946,6.345845407
316,7.296635038,5.720144851,4.249832277,6.341799981
317,7.51409263,5.692786329,4.292869316,6.415308981
317,7.788071038,5.950705211,4.414931269,6.519580223
317,8.03940337,6.13087563,4.442204988,6.667438098
317,8.183748618,6.120304107,4.428990592,6.752351936
318,8.110881973,6.32259734,4.49791784,6.703203779
318,8.313455179,6.491731381,4.533895511,6.832432291
318,8.692813408,6.695190065,4.62935443,7.001148722
318,8.871893278,6.796431337,4.640237521,7.125046927
319,8.77421702,6.747396489,4.689083933,6.987248044
319,9.136391251,6.973073666,4.795907705,7.130746934
319,9.21234782,6.896160087,4.798033325,7.162844088
319,9.442373891,6.994874112,4.833397929,7.281453556
320,9.041776439,6.705234283,4.74396351,7.056065816
320,9.149671736,6.651762685,4.776196771,7.087623924
320,8.956288554,6.445591459,4.675148052,7.049917545
320,9.087698074,6.459106801,4.723460375,7.109862546
321,8.708073424,6.301451073,4.559311816,6.951695551
321,8.530892518,6.103548487,4.445334653,6.904807526
321,8.320198938,5.890307673,4.383168118,6.784461273
321,8.162217846,5.718686929,4.280332181,6.718401534
322,8.289247201,5.866214791,4.445949966,6.720062621
322,8.118949292,5.683829078,4.414515886,6.61310806
322,7.72044539,5.476800915,4.307686118,6.464974986
322,7.590075782,5.523294997,4.291203224,6.430554929
323,7.598023336,5.287371414,4.282872467,6.39550634
323,7.229874295,5.099860351,4.187154163,6.24522176
323,7.097738084,4.969126731,4.197556951,6.140583668
323,7.287517299,4.972678638,4.258517159,6.182196944
324,6.789191953,4.903049555,4.170077677,6.015098479
324,6.632359543,4.793424677,4.182877856,5.901727063
324,6.498076539,4.625752006,4.11022486,5.819911886
324,6.465665769,4.601165844,4.044807941,5.835930487
325,6.430044949,4.54251706,4.12648942,5.73477774
325,6.287906734,4.416626079,4.062194525,5.632145792
325,5.949082858,4.383637141,3.990080572,5.492485554
325,5.748991318,4.415894291,4.014941733,5.418670635
326,5.980116085,4.353503185,3.95148422,5.516214856
326,5.694239657,4.33924442,3.884852326,5.397093697
326,5.473621456,4.282769617,3.892428891,5.256141485
326,5.544300007,4.225855278,3.917210189,5.234641706
327,5.260075239,4.318033401,3.890516623,5.182822139
327,5.034340513,4.304898716,3.909406227,5.035367573
327,4.889165535,4.353424438,3.87987677,4.94514697
327,4.913599657,4.405449203,3.816093357,5.002845612
328,4.8278496,4.367030965,3.989787077,4.835750594
328,4.774429631,4.44563404,4.004823686,4.74824431
328,4.583131924,4.496621361,3.992977593,4.6612857
328,4.451039981,4.503171977,4.066007853,4.619400624
329,4.649260559,4.58772702,3.928031966,4.661252494
329,4.585479719,4.7651521,3.948128601,4.594647883
329,4.579354608,4.760157821,4.058113166,4.445187083
329,4.642778493,4.772273418,4.012492054,4.39898154
330,4.505788249,4.795453694,4.200391606,4.363723841
330,4.58618076,4.889129958,4.413049036,4.231308743
330,4.704590313,5.212199406,4.361962442,4.188147596
330,4.740825907,5.575277021,4.299949423,4.263049958
331,4.794150977,5.301690146,4.414110105,4.089171362
331,4.965711099,5.847194967,4.39703177,4.033406268
331,5.082855481,5.934468816,4.615084774,3.933351822
331,5.055511817,5.71803369,4.756070401,3.88304582
332,5.271406042,6.330667742,4.721228936,3.938609517
332,5.45652749,6.56630941,4.939920874,3.84808747
332,5.650222303,6.893499248,4.884218632,3.825959492
332,5.7053315,7.413688735,4.802555679,3.912557604
333,5.768946784,6.602239411,4.932185432,3.726849038
333,5.973620354,6.823142482,4.918720342,3.694881423
333,5.923993305,6.882965336,4.71541686,3.772029248
333,6.043478256,7.113013238,4.679438955,3.822764986
334,5.684237457,6.639858327,4.552597796,3.811273599
334,5.669910918,6.750441305,4.405761256,3.886617399
334,5.628090192,6.837130381,4.317383763,4.024112593
334,5.635426839,6.958184021,4.236292211,4.102503191
335,5.591736639,6.728936544,4.336100206,3.998360537
335,5.579814527,6.783680283,4.253522149,4.123283581
335,5.362531577,6.636294901,4.231126968,4.166357754
335,5.273126254,6.536976028,4.319501395,4.105543513
336,5.302649939,6.523438846,4.090130142,4.297295395
336,5.137585451,6.334771995,4.088366957,4.36051078
336,5.206790152,6.320486267,4.242589666,4.379965513
336,5.379866796,6.542707479,4.282673914,4.423741201
337,5.058478266,6.12865762,4.326064526,4.342347171
337,5.117464682,6.178532283,4.492451288,4.370605906
337,5.136881545,6.2247645,4.36876238,4.533065836
337,5.057439654,6.121689335,4.163243381,4.623436609
338,5.331823395,6.396335101,4.520624972,4.578535301
338,5.427812607,6.492151506,4.435013314,4.735596376
338,5.279234282,6.272013487,4.406335646,4.793760754
338,5.123059692,6.212801092,4.50241475,4.717031725
339,5.344568088,5.992154828,4.279109912,4.912020873
339,5.285733586,5.860933487,4.247103902,4.999661536
339,5.302895594,6.046154393,4.440298289,4.978216916
339,5.197246023,5.979245867,4.459484442,4.989771216
340,5.445181495,6.348916128,4.621926542,4.934681591
340,5.532828055,6.603126205,4.831620439,4.931787905
340,5.297877245,6.658042689,4.930529803,4.808377237
340,5.275551303,6.823754342,5.066789848,4.811568713
341,5.110296792,6.481428668,4.82634983,4.708960077
341,4.946733344,6.553483093,4.956006961,4.585263254
341,4.744795438,6.307424171,4.875584452,4.598926127
341,4.602188482,6.491235443,4.99522723,4.535773729
342,4.774616045,5.942021119,4.635150973,4.704787623
342,4.691293674,5.826938402,4.561064242,4.737035361
342,4.791846811,5.881866424,4.579693723,4.829039948
342,4.811559743,5.778044362,4.538878361,4.873328316
343,4.921363884,6.099324986,4.694973634,4.839284814
343,5.125857681,6.191116257,4.744328246,4.968243205
343,5.133965205,6.20347575,4.835475349,5.003682902
343,5.286065161,6.155825146,4.818479678,5.107759524
344,4.964793726,6.245361581,4.908404607,4.895187432
344,4.972322142,6.251548084,4.997716931,4.909064355
344,4.92670944,5.986238126,4.87516523,4.936566703
344,5.059641437,5.968269645,4.898836773,5.017585194
345,4.79429255,5.800686905,4.739996945,4.879103366
345,4.79895227,5.545580301,4.632844995,4.90228243
345,4.996294862,5.468960529,4.551218798,5.039108073
345,5.129241305,5.376910231,4.531312178,5.109185175
346,5.025668564,5.519707805,4.517780705,5.060343534
346,5.247760258,5.480142865,4.45743073,5.198541542
346,5.493448275,5.642744082,4.558107082,5.310691314
346,5.699628128,5.58823413,4.520695584,5.419733701
347,5.466741544,5.867244138,4.679436847,5.281548951
347,5.70022445,6.056707048,4.811655616,5.380238159
347,5.736717257,5.971082725,4.841061563,5.388451782
347,5.986570319,6.02494142,4.877253801,5.498694714
348,5.506149132,5.860700526,4.815004704,5.281675215
348,5.557022063,5.762266363,4.838314624,5.284510658
348,5.717330903,5.553408514,4.722599164,5.372324536
348,5.935989935,5.561046831,4.762723724,5.454891245
349,5.628170103,5.423796272,4.597232117,5.346347228
349,5.805737254,5.247875805,4.49880648,5.436181878
349,6.106719617,5.388028977,4.540012774,5.591388626
349,6.353071973,5.345056997,4.531513917,5.68573059
350,6.120575681,5.556083875,4.590338305,5.604669304
350,6.438173008,5.737762764,4.658718094,5.753157503
350,6.639707441,5.882478771,4.786224886,5.81642142
350,6.933430144,5.939168929,4.810386326,5.9373059
351,6.473014378,5.952479063,4.863817952,5.732829569
351,6.638803207,6.081035333,4.990115914,5.776407932
351,6.770512163,5.899795752,4.948784781,5.81130843
351,7.050175292,5.998655487,5.025213314,5.911455914
352,6.578259584,5.649489087,4.831887651,5.717054556
352,6.717641942,5.466784583,4.789144806,5.74604607
352,7.006918508,5.472818692,4.753908949,5.87897689
352,7.261751617,5.484378727,4.794285227,5.962562751
353,6.969716216,5.487344837,4.666335807,5.879950723
353,7.254839547,5.532305052,4.647380034,6.014145914
353,7.555160085,5.803164224,4.785411658,6.151163813
353,7.853070561,5.860361953,4.804562302,6.2686918
354,7.496586168,5.994752697,4.896080023,6.12941569
354,7.785558829,6.280162274,5.044657971,6.250371606
354,7.930762188,6.283510642,5.119438903,6.28242044
354,8.259573009,6.425234886,5.193271769,6.404864421
355,7.713137151,6.15354514,5.096930093,6.164907913
355,7.842795197,6.140054635,5.161915526,6.185907772
355,8.08064836,6.007789772,5.100022976,6.254829485
355,8.355895489,6.118753376,5.191442126,6.355297726
356,7.957459277,5.801783923,4.963278144,6.181841481
356,8.182987418,5.695446275,4.904076503,6.254267822
356,8.519644005,5.934505584,4.975078545,6.40305092
356,8.815176462,5.992114386,5.017138652,6.498838927
357,8.4956229,6.071513697,4.980670729,6.436963427
357,8.814620324,6.329413567,5.067286639,6.588615928
357,9.064123627,6.56531805,5.219715666,6.675721727
357,9.403836261,6.719456257,5.283299265,6.796808675
358,8.897297541,6.606932804,5.28691745,6.628705587
358,9.119421973,6.84444551,5.442289051,6.70765199
358,9.286160924,6.75092048,5.454040017,6.740954764
358,9.603334144,6.957153124,5.560958294,6.852379029
359,9.112763886,6.50628414,5.35748015,6.653507018
359,9.290627328,6.404439893,5.368424626,6.686420885
359,9.620604895,6.465281538,5.363540903,6.802445822
359,9.905694001,6.578647396,5.447685418,6.89920487
360,9.543473781,6.414472533,5.256148959,6.770569053
360,9.849391091,6.503293181,5.262871194,6.892276534
360,10.17026951,6.852810715,5.405057378,7.036893486
360,10.5019407,6.983218147,5.461176445,7.151017887
361,10.06332523,6.988053877,5.431060052,7.016710526
361,10.35538534,7.33019996,5.587426367,7.154291459
361,10.5487922,7.447924761,5.70396523,7.209502587
361,10.89643213,7.683929782,5.809388787,7.329555302
362,10.32627996,7.326382639,5.689601154,7.126535247
362,10.48120195,7.42002939,5.796195523,7.165955663
362,10.74334691,7.360670853,5.791131812,7.23661875
362,11.04693963,7.565442779,5.901343873,7.344919922
363,10.64466832,7.129398173,5.671603401,7.175372311
363,10.9051924,7.086479473,5.666703654,7.241264717
363,11.24857776,7.325012917,5.73018817,7.383070175
363,11.55520084,7.453703328,5.80321893,7.480649667
364,11.1952245,7.410403291,5.692886775,7.380549401
364,11.52045243,7.661240674,5.764244337,7.517686966
364,11.79436484,7.98554314,5.929277496,7.635766377
364,12.15333316,8.185941221,6.01068312,7.759893449
365,11.62104705,8.031147316,5.977987817,7.595659993
365,11.86849665,8.351114425,6.152762479,7.702342289
365,12.07259271,8.367234706,6.220376365,7.752365204
365,12.41568551,8.625776927,6.362532781,7.879013239
366,11.83959132,8.105795231,6.123747725,7.656273068
366,12.0220615,8.117351989,6.193259895,7.700736567
366,12.32026004,8.176529229,6.222672862,7.808411964
366,12.56882449,8.323776994,6.333529722,7.909306112
367,12.28081071,8.066709611,6.158631076,
367,12.57095751,8.156481687,6.176379828,
367,12.90687822,8.50403457,6.269802773,
367,13.22419635,8.661992167,6.309539118,
368,12.84770428,8.67975468,6.323092861,
368,13.1463718,8.98594816,6.445175089,
368,13.33318989,9.2151822,6.598790241,
368,13.48247979,9.685481863,6.722206804,
369,13.06345933,8.960039798,6.611516171,
369,13.29424248,9.187574978,6.757602845,
369,14.46131097,9.528088051,6.758440168,
369,15.09567862,9.494381936,6.570217489,
370,14.97773187,10.07758705,6.952755444,
370,16.09349458,10.44730806,6.964993173,
370,16.55262786,10.26825133,6.853952912,
370,16.05954848,9.95246197,6.866976512,
